series,episode,baker,signature_bake,show_stopper,technical,result,last_name,baker_age,baker_occupation,hometown
1,1,Annetha,Light Jamaican Black Cakewith Strawberries and Cream,"Red, White & Blue Chocolate Cake with Cigarellos, Fresh Fruit, and Cream",2,IN,Mills,30,Midwife,Essex
1,1,David,Chocolate Orange Cake,"Black Forest Floor Gateauxwith Moulded Chocolate Leaves, Fallen Fruitand Chocolate Mushrooms Moulded from eggs",3,IN,Chambers,31,Entrepreneur,Milton Keynes
1,1,Edd,Caramel Cinnamon and Banana Cake,N/A,1,IN,Kimber,24,Debt collector for Yorkshire Bank,Bradford
1,1,Jasminder,Fresh Mango and Passion Fruit Hummingbird Cake,N/A,NA,IN,Randhawa,45,Assistant Credit Control Manager,Birmingham
1,1,Jonathan,Carrot Cake with Lime and Cream Cheese Icing,Three Tiered White and Dark Chocolate with Almond and Cherry,9,IN,Shepherd,25,Research Analyst,St Albans
1,1,Lea,Cranberry and Pistachio Cakewith Orange Flower Water Icing,Raspberries and Cream filled Chocolatewith Chocolate-dipped Fresh Fruit,10,OUT,Harris,51,Retired,"Midlothian, Scotland"
1,1,Louise,Carrot and Orange Cake,"Never Fail Chocolate Sponge Cake,with Fresh Fruit, White & Chocolate Cigarello Border",NA,IN,Brimelow,44,Police Officer,Manchester
1,1,Mark,Sticky Marmalade Tea Loaf,Heart-shaped Chocolate and Beetroot Cake with Store-Bought silver chocolate hearts and chocolate red and white roses.,NA,OUT,Whithers,48,Bus Driver,South Wales
1,1,Miranda,"Triple Layered Brownie Meringue Cake
with Raspberry Cream",Three Tiered Chocolate Fudge Cake  with Handmade Chocolate Button Decorations,8,IN,Browne,37,Food buyer for Marks & Spencer,"Midhurst, West Sussex"
1,1,Ruth,Three Tiered Lemon Drizzle Cakewith Fresh Cream and freshly made Lemon Curd,Classic Chocolate Sponge wrapped in a Chocolate Collartopped with Handmade White and Dark Chocolate Truffles,NA,IN,Clemens,31,Retail manager/Housewife,"Poynton, Cheshire"
1,2,Annetha,Rose Petal Shortbread,Pink Swirl Macarons / Eclairs,7,OUT,Mills,30,Midwife,Essex
1,2,David,Cheddar Cheese and Fresh Rosemary Biscuits,Choux Pastry Swans  Chocolate Profiteroles,8,IN,Chambers,31,Entrepreneur,Milton Keynes
1,2,Edd,Oatmeal Raisin Cookie,Pink Macarons,6,IN,Kimber,24,Debt collector for Yorkshire Bank,Bradford
1,2,Jasminder,Millionaires' Shortbread,Meringues with Chocolate and Space DustCoffee flavoured Eclairs,2,IN,Randhawa,45,Assistant Credit Control Manager,Birmingham
1,2,Jonathan,Honey and Candied Ginger Cookies,Meringues with Whiskey Cream,1,IN,Shepherd,25,Research Analyst,St Albans
1,2,Louise,Stained Glass Window Shortbread,"Strawberry, Mint, and Cream Meringues  Chocolate Eclairs / Orange, Yellow and Pink Macarons",4,OUT,Brimelow,44,Police Officer,Manchester
1,2,Miranda,Fresh Vanilla Biscuits with Royal Icing,Pistachio Macarons,3,IN,Browne,37,Food buyer for Marks & Spencer,"Midhurst, West Sussex"
1,2,Ruth,Peanut Shortbread withSalted Peanut Caramel,Almond Macaron with Violet ButtercreamRaspberries and Cream Eclairs,5,IN,Clemens,31,Retail manager/Housewife,"Poynton, Cheshire"
1,3,David,Chilli Bread,"Walnut and Seed Roll
Red Berry and Almond Bun",4,IN,Chambers,31,Entrepreneur,Milton Keynes
1,3,Edd,Olive Bread,Tomato and Mozzarella,1,IN,Kimber,24,Debt collector for Yorkshire Bank,Bradford
1,3,Jasminder,Focaccia,"Mango and Sultana Buns
Pan au Chocolat with Mars Bars
Tutti Frutti Wheel with Jelly Tots",5,IN,Randhawa,45,Assistant Credit Control Manager,Birmingham
1,3,Jonathan,"Anchovy, Sweet Paprika and Oregano Bread","Sticky Lemon Honey Bun
Olive and Anchovy Roll
Sundried Tomatoes and Fresh Herbs Roll
Stilton, Walnut and Apple Roll
Cinnamon and Cardamom Chelsea Bun",6,OUT,Shepherd,25,Research Analyst,St Albans
1,3,Miranda,Walnut and Apricot Bread,"Lemon Iced Buns
Chocolate and Orange Buns",3,IN,Browne,37,Food buyer for Marks & Spencer,"Midhurst, West Sussex"
1,3,Ruth,Maple and Pecan Bread,"Chocolate and Orange Panettone
Cranberry Bagels",2,IN,Clemens,31,Retail manager/Housewife,"Poynton, Cheshire"
1,4,David,Pear and Walnut Pudding,"Apple and Blackberry Crumble, Rhubarb and Orange Betty, Suet Pear",5,OUT,Chambers,31,Entrepreneur,Milton Keynes
1,4,Edd,Apple and Plum Pudding,"Apple and Cinnamon Crumble, Nutella Banana Brioche Bread Pudding, Rhubarb and Strawberry Suet Layer",3,IN,Kimber,24,Debt collector for Yorkshire Bank,Bradford
1,4,Jasminder,Sticky Toffee Pudding with Tropical Fruit & Toffee Sauce,"Bread & Butter Pudding, Treacle Suet Pudding with Fresh Fruit, Apple and Pineapple Crumble",2,IN,Randhawa,45,Assistant Credit Control Manager,Birmingham
1,4,Miranda,Sticky Toffee Pudding,"Queen of Puddings, Chocolate Pear Roly Poly, Strawberry and Rhubarb Crumble",1,IN,Browne,37,Food buyer for Marks & Spencer,"Midhurst, West Sussex"
1,4,Ruth,Peach and Blueberry Boy Bait,"Apple & Ginger Crumble, Rhubarb Suet Crust, Cherry Queen of Puddings",4,IN,Clemens,31,Retail manager/Housewife,"Poynton, Cheshire"
1,5,Edd,"Chicken, Ham, Leek and Tarragon Pie","Almond Sweet Pastry with Ginger and Chocolate  Raspberry Tart / Yorkshire Curd Tart  Chickpea and Salami, Red and Yellow Pepper, Asparagus Gruyere Quiche Canapés",2,IN,Kimber,24,Debt collector for Yorkshire Bank,Bradford
1,5,Jasminder,Chicken and Mushroom Pie,"Jaggery, Carrot, and Spiced Condensed Milk Tart  Fruit and Custard Tart  Thai Chili Red Onion, Duck in Plum Sauce, Salmon and Prawn Canapés",4,OUT,Randhawa,45,Assistant Credit Control Manager,Birmingham
1,5,Miranda,"Summery Salmon, Cod and Prawn Fish Pie","Chocolate Pastry filled with Orange Cheesecake  Chocolate Pastry filled with Milk Chocolate Ganche  Strawberry Tart with Red Currant Glaze  Cheesy Crab, Broad Bean and Tomato, Pancetta Risotto Canapés",1,IN,Browne,37,Food buyer for Marks & Spencer,"Midhurst, West Sussex"
1,5,Ruth,Minced Beef Pie,"Raspberry and Dark Chocolate Tart  Creme Patisserie and Cherry Tart  Citrus Curd Tart with Creme Brulee top  Tomato, Asparagus Twirl Canapés",3,IN,Clemens,31,Retail manager/Housewife,"Poynton, Cheshire"
1,6,Edd,Cinnamon and Banana Cake,NA,NA,WINNER,Kimber,24,Debt collector for Yorkshire Bank,Bradford
1,6,Miranda,Lemon Cupcake,Eliminated after signature,NA,Runner-up,Browne,37,Food buyer for Marks & Spencer,"Midhurst, West Sussex"
1,6,Ruth,"Mint, Ginger and Blackberry Cake",NA,NA,Runner-up,Clemens,31,Retail manager/Housewife,"Poynton, Cheshire"
2,1,Ben,Rhubarb and Custard CupcakesAfter Dinner Cupcakes,Vanilla Sponge with White Chocolate and Raspberry Buttercream,2,IN,Frazer,31,Graphic Designer,Northampton
2,1,Holly,Cherry Bakewell Inspired CupcakesGinger Cupcakes with Fig Truffle,UNKNOWN,1,STAR BAKER,Bell,31,Advertising executive,Leicester
2,1,Ian,Apple and Cinnamon Cupcakes,UNKNOWN,10,IN,Vallance,40,Fundraiser for English Heritage,"Dunstable, Bedfordshire"
2,1,Janet,Raspberry and Cream Cupcakes,Chocolate Marble Cakewith Dark and White Chocolate Truffles,8,IN,Basu,63,Teacher of Modern Languages,"Formby, Liverpool"
2,1,Jason,Lemon Meringue CupcakesApple and Cinnamon Cupcakes,UNKNOWN,6,IN,White,19,Civil Engineering Student,Croydon
2,1,Joanne,Chocolate Orange CupcakesOrange and Cardamom Cupcakes,Chocolate and Strawberry Cake,11,IN,NA,NA,NA,NA
2,1,Keith,Earl Grey Cupcakes,Chocolate and Sour Cream Cake,12,OUT,Batsford,31,House husband,"Arlesey, Bedfordshire"
2,1,Mary,Banoffee Cupcakes,Chocolate and Raspberry Opera cake,4,IN,Anne,45,Housewife,"Kidderminster, Worcestershire"
2,1,Robert,Blackberry and Vanilla Cupcakeswith Liquorice Frosting,Genoise Layered Mousse Cakewith Chocolate Ganache,3,IN,Billington,25,Photographer,London
2,1,Simon,Guinness and Chocolate Cupcakes,Two-Tiered Chocolate Courgette Cake,9,IN,Blackwell,31,Rugby Coach,Norfolk
2,1,Urvashi,Cherry Blossom CupcakesJapanese Lime Cupcakes,UNKNOWN,7,IN,Roe,40,Head of Marketing,"Enfield, London"
2,1,Yasmin,Cardamom and Pomegranate Cupcakes,UNKNOWN,5,IN,Limbert,43,Childminder,"West Kirby, The Wirral"
2,2,Ben,"Chorizo, Pepper and Gruyere Quiche",Lemon Meringue Tarts,1,IN,Frazer,31,Graphic Designer,Northampton
2,2,Holly,Pesto Quiche,Milk Chocolate and Pistachio TartsTrifle Tarts,4,IN,Bell,31,Advertising executive,Leicester
2,2,Ian,"Stilton, Spinach and New Potato Quichewith Paprika and Walnut Pastry",UNKNOWN,2,IN,Vallance,40,Fundraiser for English Heritage,"Dunstable, Bedfordshire"
2,2,Janet,Quiche Printanière,Red Fruit TartsChocolate and Cherry Tarts,8,IN,Basu,63,Teacher of Modern Languages,"Formby, Liverpool"
2,2,Jason,Salmon and Pak Choi Quiche,Mint Chocolate Tarts Blueberry Bakewell Tarts,3,STAR BAKER,White,19,Civil Engineering Student,Croydon
2,2,Joanne,"Caramelised Onion, Gruyere and Thyme Quiche",Raspberry and Mascarpone Tarts with Lemon and Almond PastryHoney and Almond Tarts with Sweetcrust,10,IN,NA,NA,NA,NA
2,2,Mary,"Roasted Cauliflower, Cheese andCaramelised Onion Quiche",Butterscotch Brulée Tarts in Pecan PastryApple Rose Tarts,9,IN,Anne,45,Housewife,"Kidderminster, Worcestershire"
2,2,Robert,Smoked Bacon and Kale Quiche,"Chocolate, Fennel and Ginger TartAlmond, Creme Patissiere and Poached Pear Tart",5,IN,Billington,25,Photographer,London
2,2,Simon,Smoked Haddock and Watercress Quiche,"Passion Fruit and Ricotta TartsSalted Chocolate, Stem Ginger and Mascarpone Cream Tarts",11,OUT,Blackwell,31,Rugby Coach,Norfolk
2,2,Urvashi,"Crab, Coriander and Coconut Quiche",Strawberry and Basil TartsElderflower and Honeycomb Tarts,7,IN,Roe,40,Head of Marketing,"Enfield, London"
2,2,Yasmin,Smoked Haddock and Watercress Quiche,Chocolate and Orange with Cinnamon-Orange Pastry TartsBlueberry and Hazelnut with Hazelnut Pastry Tarts,6,IN,Limbert,43,Childminder,"West Kirby, The Wirral"
2,3,Ben,"Walnut, Raisin and Rosemary Loaf",UNKNOWN,3,IN,Frazer,31,Graphic Designer,Northampton
2,3,Holly,Picnic Loaf,Stilton and Walnut Rolls,6,IN,Bell,31,Advertising executive,Leicester
2,3,Ian,"Courgette, Caerphilly Cheese and Thyme Loaf",Walnut and Raisin RollsCracked Wheat Logs,10,OUT,Vallance,40,Fundraiser for English Heritage,"Dunstable, Bedfordshire"
2,3,Janet,Zupfe Loaf with Gruyère Cheese,Apple and Walnut Granary Rolls Red Onion Cottage Rolls,8,IN,Basu,63,Teacher of Modern Languages,"Formby, Liverpool"
2,3,Jason,Cheese and Onion Tear and Share Loaf,UNKNOWN,7,IN,White,19,Civil Engineering Student,Croydon
2,3,Joanne,"Stromboli flavored with Mozzarella, Ham, and Picante Pepper",Unknown,1,IN,NA,NA,NA,NA
2,3,Mary,Ploughman's Loaf,Herb and Walnut BreadsChocolate and Chilli Buns,5,IN,Anne,45,Housewife,"Kidderminster, Worcestershire"
2,3,Robert,Rye and Coriander Seed Loaf,Blueberry Brioche RollsLemon and Poppy Seed Rolls,4,IN,Billington,25,Photographer,London
2,3,Urvashi,Salt and Peppercorn Loaf,Chilli and Halloumi RollsLemon and Coriander Mini Loaves,9,OUT,Roe,40,Head of Marketing,"Enfield, London"
2,3,Yasmin,Egyptian Dukkah Loaf with Mixed Spices,"Pesto Bread
Sweet Coconut Rolls",2,STAR BAKER,Limbert,43,Childminder,"West Kirby, The Wirral"
2,4,Ben,Stem Ginger Nuts,Chocolate and Almond MacaronsPine Nut MacaronsPistachio Macarons,5,OUT,Frazer,31,Graphic Designer,Northampton
2,4,Holly,Strawberry and Custard Melts,"'Chocolate bars of my youth'
(Caramel Macarons, Mint Chocolate Macarons and Chocolate Orange Macarons)",3,STAR BAKER,Bell,31,Advertising executive,Leicester
2,4,Janet,Christmas Marzipan Biscuits,"Raspberry Macarons
Blackcurrant Macarons
Almond Macarons",4,IN,Basu,63,Teacher of Modern Languages,"Formby, Liverpool"
2,4,Jason,Lebkuchen,"Mocktail Macarons
(Mojito, Cranberry Cooler, and Pina Colada)",1,STAR BAKER,White,19,Civil Engineering Student,Croydon
2,4,Joanne,Lavender Biscuits,Blueberry MacaronsCoconut MacaronsStrawberry Macarons,8,IN,NA,NA,NA,NA
2,4,Mary,Melting Moments,Blackcurrant and Mint MacaronsGooseberry and Elderflower MacaronsHazelnut Macarons,2,IN,Anne,45,Housewife,"Kidderminster, Worcestershire"
2,4,Robert,Chocolate and Ginger Oat Biscuits,Strawberry and Lime MacaronsLemon MacaronsChocolate and Cardamom Macarons,7,IN,Billington,25,Photographer,London
2,4,Yasmin,Chocolate Chip and Pistachio Biscotti,Chocolate and Lime MacaronsCoffee and Walnut MacaronsPineapple and Coconut Macarons,6,IN,Limbert,43,Childminder,"West Kirby, The Wirral"
2,5,Holly,"Stilton, Potato and Caramelised Onion Pie",Lime Meringue Pie,4,IN,Bell,31,Advertising executive,Leicester
2,5,Janet,Chicken and Chestnut Pie,Rhubarb Meringue Pie,1,STAR BAKER,Basu,63,Teacher of Modern Languages,"Formby, Liverpool"
2,5,Jason,Brown Down Chicken Pie,Plum Meringue Pie,7,OUT,White,19,Civil Engineering Student,Croydon
2,5,Joanne,Salmon and Asparagus Pie,Apple and Raspberry Meringue Pie,6,IN,NA,NA,NA,NA
2,5,Mary,Chicken and Bacon Pie,Midnight Meringue,2,IN,Anne,45,Housewife,"Kidderminster, Worcestershire"
2,5,Robert,Chicken and Mushroom Pie,Rhubarb and Custard Meringue Pie,3,OUT,Billington,25,Photographer,London
2,5,Yasmin,Family Fish Pie,Peach and Raspberry Meringue Pie,5,IN,Limbert,43,Childminder,"West Kirby, The Wirral"
2,6,Holly,Father Christmas' Baked Cheesecake,Hansel and Gretel's Croquembouche,3,IN,Bell,31,Advertising executive,Leicester
2,6,Janet,Rhubarb and Ginger Baked Cheesecake,Orange and Nougatine Croquembouche,5,IN,Basu,63,Teacher of Modern Languages,"Formby, Liverpool"
2,6,Joanne,Rum and Raisin Baked Cheesecake,Limoncello and White Chocolate Croquembouche,1,STAR BAKER,NA,NA,NA,NA
2,6,Mary,Tutti Fruitti Curd Baked Cheesecake,Orange and Praline Croquembouche with Cardamom Caramel,4,IN,Anne,45,Housewife,"Kidderminster, Worcestershire"
2,6,Yasmin,Baked Amaretto Cheesecake,Rose Croquembouche,2,OUT,Limbert,43,Childminder,"West Kirby, The Wirral"
2,7,Holly,"White Chocolate, Hazelnut and Raspberry Genoise Mousse Cake","Apricot, Macadamia and White Chocolate PinwheelsAlmond CroissantsApple, Raisin and Cinnamon Plaits",1,IN,Bell,31,Advertising executive,Leicester
2,7,Janet,Chocolate Amaretto Mousse Cake,Pain Aux RaisinPlain CroissantPain Au Chocolat,4,OUT,Basu,63,Teacher of Modern Languages,"Formby, Liverpool"
2,7,Joanne,Raspberry & Strawberry Mousse Cake,Pain Aux RaisinChocolate TwistsBanana and Raisin Pastries,3,IN,NA,NA,NA,NA
2,7,Mary,Chocolate and Orange Mousse Cake,Raspberry Rose DanishesPraline SpiralsAlsatian Plaited Danishes,2,IN,Anne,45,Housewife,"Kidderminster, Worcestershire"
2,8,Holly,Banoffee Inspired Mille Feuille,Strawberry and Cream Meringue NestGooseberry and Elderflower 'Bakewell' TartsNeapolitan Ice-Cream Sandwich,2,Runner-up,Bell,31,Advertising executive,Leicester
2,8,Joanne,Raspberry and Blueberry Mille Feuille,"Mini Victoria SandwichesRaspberry, White Chocolate and Pistachio Mini MeringuesMini Banoffee Pie with Banana Mousse",1,WINNER,NA,NA,NA,NA
2,8,Mary,Lemon and Ginger Mille Feuille,Fruit Tarts with Elderflower CustardStrawberry and Rhubarb CheesecakesBlack Fruit Meringue with Everlasting Syllabub,3,Runner-up,Anne,45,Housewife,"Kidderminster, Worcestershire"
3,1,Brendan,"Plum, Sour Cherry & Walnut",UNKNOWN,10,IN,Lynch,63,Recruitment consultant,Sutton Coldfield
3,1,Cathryn,"Apple, Hazelnut and Calvados",Hidden Cupcake Cake,5,IN,Dresser,27,Shop assistant,"Pease Pottage, West Sussex"
3,1,Danny,"Plum, Ginger & Orange",UNKNOWN,7,IN,Bryden,45,Intensive care consultant,Sheffield
3,1,James,"Parsnip, Pear, and Pecan","""Simmer Dim"" Sunset Cake",2,IN,Morton,21,Medical student,"Hillswick, Shetland Islands"
3,1,John,"Toffee Apple, Orange & Cranberry",Hidden Pink Hearts Cake,11,IN,Whaite,22,Law student,Wigan
3,1,Manisha,"Vanilla, Peach and Raspberry",White Chocolate Cake with a Red Velvet and White Chocolate Mousse Heart,6,IN,Parmar,27,Nursery nurse,Leicester
3,1,Natasha,Pineapple & Passion Fruit,Mother's Day Layered Rose Cake,12,OUT,Stringer,36,Midwife,"Tamworth, Staffordshire"
3,1,Peter,"Pear, Muscat & Chocolate",Jubilee Cake,3,IN,Maloney,43,Sales manager,"Windsor, Berkshire"
3,1,Ryan,Kumquat and Orange Polenta,Hidden Flowerbed Mousse Cake,8,IN,Chong,38,Photographer,Bristol
3,1,Sarah,"Pear, Chocolate and Hazelnut",Hidden Crown Cake,1,IN,Jane,28,Vicar's wife,"Bewbush, West Sussex"
3,1,Stuart,Tomato and Ginger,Lemon and Pistachio Union Flag Cake,9,IN,Marston,26,PE teacher,"Lichfield, Staffordshire"
3,1,Victoria,Pear and Pecan,Blackbird Pie Cake,4,STAR BAKER,Chester,50,CEO of the charity Plantlife,Somerset
3,2,Brendan,Middle Eastern Taboon BreadIndian Rotis,"Chocolate and Vanilla Bagels
Cumin and Gruyere Bagels",4,IN,Lynch,63,Recruitment consultant,Sutton Coldfield
3,2,Cathryn,"Spiced Mango NaanLime, Coriander and Chilli Tortillas","Cranberry and Orange Bagels
Chipotle, Chili, and Smoked Cheddar Bagels",8,IN,Dresser,27,Shop assistant,"Pease Pottage, West Sussex"
3,2,Danny,Lime Coriander and Coconut TortillasZaatar Naan with Dukkah,UNKNOWN,3,IN,Bryden,45,Intensive care consultant,Sheffield
3,2,James,"Tomato, Garlic, and Parmesan FlatbreadsTattie Scones","Orange, Mint and Chocolate Bagels
'Millers' Sourdough Bagels",2,IN,Morton,21,Medical student,"Hillswick, Shetland Islands"
3,2,John,"Coriander and Chilli RotisGarlic, Pomegranate and Potato Pitas","Fig, Walnut and Gruyere Bagels
Blueberry and White Chocolate Bagels",1,STAR BAKER,Whaite,22,Law student,Wigan
3,2,Manisha,Indian FlatbreadsItalian Flatbreads,UNKNOWN,6,IN,Parmar,27,Nursery nurse,Leicester
3,2,Peter,Fennel and Nigella Seed NaanBannock Bread,"Rosemary and Sea Salt Bagels
Apple and Cinnamon Bagels",11,OUT,Maloney,43,Sales manager,"Windsor, Berkshire"
3,2,Ryan,Shanghai Spring Onion FlatbreadsGarlic and Coriander Naan,"Cinnamon and Date Bagels
Tarragon and Rosemary Bagels",5,IN,Chong,38,Photographer,Bristol
3,2,Sarah,Toasted Coconut and Lime RotisOatcakes,UNKNOWN,10,IN,Jane,28,Vicar's wife,"Bewbush, West Sussex"
3,2,Stuart,Bombay BreadChorizo and Spring Onion Naan,"Cinnamon and Cranberry Bagels
Tomato and Thyme Bagels",9,IN,Marston,26,PE teacher,"Lichfield, Staffordshire"
3,2,Victoria,Coriander and Lemon NaanGarlic and Parsnip Chapatis,"Saffron and Golden Raisin Bagels
Porcini Bagels",7,IN,Chester,50,CEO of the charity Plantlife,Somerset
3,3,Brendan,Apple and Ginger Tarte Tatin,"Blackberry, Nectarine and Dragon Fruit Tart",9,IN,Lynch,63,Recruitment consultant,Sutton Coldfield
3,3,Cathryn,"Plum, Cherry and Five Spice Tarte Tatin","Raspberry, Pistachio and Lemon Tart",3,IN,Dresser,27,Shop assistant,"Pease Pottage, West Sussex"
3,3,Danny,Savoury Pear and Roquefort Tarte Tatin,"Pineapple, Coconut and Frangipane Tart",2,IN,Bryden,45,Intensive care consultant,Sheffield
3,3,James,Apple and Lavender Tarte Tatin,"Rose, Lychee and Raspberry Fruit Tart",1,STAR BAKER,Morton,21,Medical student,"Hillswick, Shetland Islands"
3,3,John,Apple and Vanilla Tarte Tatin with Walnut Praline,"Berries, Grapes, Pomegranate, and Dragon Fruit Tart",6,IN,Whaite,22,Law student,Wigan
3,3,Manisha,"Cinnamon, Apple and Pear Tarte Tatin",Rum and Tropical Fruit Tart,10,IN,Parmar,27,Nursery nurse,Leicester
3,3,Ryan,Spiced Pear Tarte Tatin,UNKNOWN,5,IN,Chong,38,Photographer,Bristol
3,3,Sarah,Caramelised Banana Tarte Tatin,French Apple Tart with Blackberry and Cassis Jam,8,IN,Jane,28,Vicar's wife,"Bewbush, West Sussex"
3,3,Stuart,Pear and Almond Tarte Tatin,Raspberry Triple Chocolate Layered Tart,7,IN,Marston,26,PE teacher,"Lichfield, Staffordshire"
3,3,Victoria,"Fig, Walnut and Pink Peppercorn Tarte Tatin",Tropical Fruit Tart with Black Pepper Crust,4,OUT,Chester,50,CEO of the charity Plantlife,Somerset
3,4,Brendan,Clementine and Chestnut Torte,"Pear, Chocolate and Hazelnut Dacquoise",1,STAR BAKER,Lynch,63,Recruitment consultant,Sutton Coldfield
3,4,Cathryn,"White Chocolate, Macadamia and Coffee Torte","Gooseberry, Almond and Honey Meringue",3,IN,Dresser,27,Shop assistant,"Pease Pottage, West Sussex"
3,4,Danny,"Blackberry, White Chocolate, Lemon and Elderflower Torte","'Monte Bianco' Chestnut, Chocolate and Coffee Dacquoise",2,IN,Bryden,45,Intensive care consultant,Sheffield
3,4,James,"Hazelnut, Chocolate and Passionfruit Torte","Fig, Chestnut, Cherry and Chocolate Layered Meringue",5,IN,Morton,21,Medical student,"Hillswick, Shetland Islands"
3,4,John,'Torte Noir' Black Forest Torte with Boozy Cream,Elderflower and Bramble Berry Pavlova,6,IN,Whaite,22,Law student,Wigan
3,4,Manisha,"Almond, Chocolate and Cherry Torte",Tiramisu Layered Meringue Dessert,9,IN,Parmar,27,Nursery nurse,Leicester
3,4,Ryan,Green Tea Opera Torte,"Strawberry, Rose and Pistachio Meringue",7,IN,Chong,38,Photographer,Bristol
3,4,Sarah,Chocolate and Almond Truffle Torte,Hazelnut Tiramisu Layered Meringue,4,IN,Jane,28,Vicar's wife,"Bewbush, West Sussex"
3,4,Stuart,Black Forest Torte,Choca Blocka Mocha Meringue,8,OUT,Marston,26,PE teacher,"Lichfield, Staffordshire"
3,5,Brendan,Salmon Coulibiac in a Scandinavian Pastry,All American Chiffon Pie,3,IN,Lynch,63,Recruitment consultant,Sutton Coldfield
3,5,Cathryn,Full English Wellington,Chocolate and Peanut Butter Pumpkin Pie,1,IN,Dresser,27,Shop assistant,"Pease Pottage, West Sussex"
3,5,Danny,"Chickpea, Spinach & Mushroom Wellington",Trick or Treat Pumpkin Pie,7,IN,Bryden,45,Intensive care consultant,Sheffield
3,5,James,Four Pig Wellington,Sweet Potato Pie,6,IN,Morton,21,Medical student,"Hillswick, Shetland Islands"
3,5,John,Venison and Haggis Wellington,Star-Spangled Pecan Pie,2,IN,Whaite,22,Law student,Wigan
3,5,Manisha,Lamb Wellington with Rosemary and Mint,Banana Scotch Pie,5,OUT,Parmar,27,Nursery nurse,Leicester
3,5,Ryan,Curry Spiced Seabass Wellington,Key Lime Pie,8,STAR BAKER,Chong,38,Photographer,Bristol
3,5,Sarah,Beef Wellington with Parma Ham and Gorgonzola Cheese,Chocolate and Banana Cream Pie,4,IN,Jane,28,Vicar's wife,"Bewbush, West Sussex"
3,6,Brendan,"Rhubarb, Strawberry and Ginger Puddings
Sticky Toffee Puddings","Spinach, Cheese and Walnut Strudel",1,STAR BAKER,Lynch,63,Recruitment consultant,Sutton Coldfield
3,6,Cathryn,"Chocolate Walnut Whip Puddings
Elderflower Sponges",Roasted Vegetable Couscous and Sheep Cheese Strudel,3,IN,Dresser,27,Shop assistant,"Pease Pottage, West Sussex"
3,6,Danny,Banoffee Puddings with Walnut Butterscotch SauceJubilee Chocolate Fondants,"Leek, Potato, Pistachio and Gruyère Strudel",2,IN,Bryden,45,Intensive care consultant,Sheffield
3,6,James,Banana and Clove PuddingsClootie Dumplings,"Strawberry, Rhubarb and Ginger Strudel",7,IN,Morton,21,Medical student,"Hillswick, Shetland Islands"
3,6,John,Spicy Toffee PuddingsRaspberry and White Chocolate Puddings,Did not complete due to injury,5,IN,Whaite,22,Law student,Wigan
3,6,Ryan,Chocolate FondantsSticky Ginger and Date Puddings,"Apple, Sour Cherry, Raisin and Mixed Nuts Strudel",6,IN,Chong,38,Photographer,Bristol
3,6,Sarah,Sticky Toffee PuddingsGranny's Saucy Lemon Puddings,Sweet Strudel with Sour Cherries,4,IN,Jane,28,Vicar's wife,"Bewbush, West Sussex"
3,7,Brendan,Chelsea Bunskis,Black Forest Christmas Stollen,4,IN,Lynch,63,Recruitment consultant,Sutton Coldfield
3,7,Cathryn,Lady Arundel's Manchet Buns,Bonfire Night Tear 'n' Share Brioche,5,IN,Dresser,27,Shop assistant,"Pease Pottage, West Sussex"
3,7,Danny,Bakewell Chelsea Buns,European Christmas Wreath,2,STAR BAKER,Bryden,45,Intensive care consultant,Sheffield
3,7,James,Easter Chelsea Buns,Whisky Kugelhopf-Brioche Baba,1,IN,Morton,21,Medical student,"Hillswick, Shetland Islands"
3,7,John,Cherry and Almond Saffron Buns,Marzipan Stollen,3,IN,Whaite,22,Law student,Wigan
3,7,Ryan,Lardy Cakes,Char Siu Bao,6,OUT,Chong,38,Photographer,Bristol
3,7,Sarah,"Orange, Nutmeg and Saffron Buns",Sour Cherry and Dark Chocolate Christmas Plait,7,OUT,Jane,28,Vicar's wife,"Bewbush, West Sussex"
3,8,Brendan,Multi-Seed Savoury Crackers,Fantasy Gingerbread Bird House,2,IN,Lynch,63,Recruitment consultant,Sutton Coldfield
3,8,Cathryn,Cheese and Pickle Crackers,Gingerbread Buckingham Palace,5,OUT,Dresser,27,Shop assistant,"Pease Pottage, West Sussex"
3,8,Danny,Spiced Almond Drinks Crackers,Gingerbread Big Ben,4,IN,Bryden,45,Intensive care consultant,Sheffield
3,8,James,"Smoky Cayenne, Cumin and Chilli Crackers",Gingerbread Barn,1,STAR BAKER,Morton,21,Medical student,"Hillswick, Shetland Islands"
3,8,John,Asian Spice Crackers,Gingerbread Roman Coliseum,3,IN,Whaite,22,Law student,Wigan
3,9,Brendan,Coffee Meringue and Hazelnut CreamsApricot and Pistachio FriandsLime Curd Choux Pastry Cygnets,Gateau St. Honoré,3,IN,Lynch,63,Recruitment consultant,Sutton Coldfield
3,9,Danny,Blackberry and Peppermint MacaroonsMiniature Raspberry and Basil FinanciersOrange and White Chocolate Langues de Chat,Rosewater and Lychee St. Honoré,4,OUT,Bryden,45,Intensive care consultant,Sheffield
3,9,James,"Lemon and Rhubarb TartletsChocolate Indulgence Petits FoursChilli, Lime and Raspberry Macaroons","Coffee, Caramel and Hazelnut Paris-Brest",1,STAR BAKER,Morton,21,Medical student,"Hillswick, Shetland Islands"
3,9,John,Lemon MadeleinesWhite Chocolate and Raspberry TartletsDark Chocolate and Cherry Macaroons,Gateau St. Honoré a la Passion,2,IN,Whaite,22,Law student,Wigan
3,10,Brendan,Potato and Pepper Pithivier,Family Reunion Chiffon Cake,2,Runner-up,Lynch,63,Recruitment consultant,Sutton Coldfield
3,10,James,Spanish Pithivier with Chorizo and Red Pepper,United Chiffon Cakes,1,Runner-up,Morton,21,Medical student,"Hillswick, Shetland Islands"
3,10,John,Italian Sausage and Roasted Vegetable Pithivier,Heaven and Hell Chiffon Cake,2,WINNER,Whaite,22,Law student,Wigan
4,1,Ali,Rose and Pistachio Cake,"Chocolate, Raspberry and Passion Fruit Engagement Cake",11,IN,Imdad,25,Charity worker,"Saltley, Birmingham"
4,1,Beca,Grapefruit Sandwich Cake,Chocolate Cherry Indulgence,8,IN,Lyne,31,Military Wives' Choir Singer,"Aldershot, Hampshire"
4,1,Christine,"Strawberry, Vanilla and Rosewater Summer Basket",Chocolate and Orange 'Fripperous' Hat Cake,3,IN,Wallace,66,Director of an engraving company,"Didcot, Oxfordshire"
4,1,Deborah,Pineapple Cake,'Coffee Time',9,IN,Manger,51,Dentist,Peterborough
4,1,Frances,Giant Jam Sandwich,Secret Squirrel Cake,7,IN,Quinn,31,Children's Clothes Designer,"Market Harborough, Leicestershire"
4,1,Glenn,Strawberries and Cream Cake,Almond and Espresso Chocolate Cake,4,IN,Cosby,37,English Teacher,"Teignmouth, Devon"
4,1,Howard,Passion Fruit and Coconut Cake,Black Forest Revisited,6,IN,Middleton,51,Council Worker,Sheffield
4,1,Kimberley,Blood Orange Cake,"Chocolate, Raspberry & Basil Layer Cake",10,IN,Wilson,30,Psychologist,London
4,1,Lucy,Timperley Early Cake,Thyme 'Wildwood' Cake,2,IN,Bellamy,38,Horticulturist,"Grimsby, Lincolnshire"
4,1,Mark,Lemon and Poppy Seed Cake,Chocolate Monster,5,IN,Onley,37,Carpenter and Kitchen Fitter,Milton Keynes
4,1,Robert,Pecan and Apple Cake,Raspberry Chocolate Cake,1,STAR BAKER,Smart,54,Space Satellite Designer,"Melbourn, Cambridgeshire"
4,1,Ruby,Rhubarb and Custard Sandwich Cake,Chocolate and Ginger Night Sky Cake,12,IN,Tandoh,20,History of Art and Philosophy Student,"Southend, Essex"
4,1,Toby,Spiced and Iced Carrot Cake,Two Tiered Chocolate Cake,13,OUT,Waterworth,30,Web Programmer,"Reading, Berkshire"
4,2,Ali,Italian Grissini,Sweet and Savoury Yin Yang Bread,9,IN,Imdad,25,Charity worker,"Saltley, Birmingham"
4,2,Beca,Fennel and Chilli Breadsticks,Five Strand Christmas Wreath,11,IN,Lyne,31,Military Wives' Choir Singer,"Aldershot, Hampshire"
4,2,Christine,Mediterranean Breadsticks with Oregano,Double Plaited Loaf,4,IN,Wallace,66,Director of an engraving company,"Didcot, Oxfordshire"
4,2,Deborah,Fennel & Chilli Breadsticks,Walnut Fleur Loaf,8,IN,Manger,51,Dentist,Peterborough
4,2,Frances,Giant Matchsticks,Sailor's Knot,2,IN,Quinn,31,Children's Clothes Designer,"Market Harborough, Leicestershire"
4,2,Glenn,Rosemary and Parmesan Grissini,Harvest Crown,7,IN,Cosby,37,English Teacher,"Teignmouth, Devon"
4,2,Howard,Moroccan Breadsticks,Picasso Sun Bread,10,IN,Middleton,51,Council Worker,Sheffield
4,2,Kimberley,Nigella Seed and Parmesan Breadsticks,Peace Bread,1,IN,Wilson,30,Psychologist,London
4,2,Lucy,Grissini with Salt,Roast Tomato Bread,12,OUT,Bellamy,38,Horticulturist,"Grimsby, Lincolnshire"
4,2,Mark,Rosemary & Raisin Breadsticks,Sage & Garlic Plait,6,IN,Onley,37,Carpenter and Kitchen Fitter,Milton Keynes
4,2,Robert,Twisty Rye Bread Sticks,Tribute Loaf,5,IN,Smart,54,Space Satellite Designer,"Melbourn, Cambridgeshire"
4,2,Ruby,Mexican Breadsticks,White Chocolate and Orange Peacock Bread,3,STAR BAKER,Tandoh,20,History of Art and Philosophy Student,"Southend, Essex"
4,3,Ali,"Coconut, Raspberry and Lemon Meringue Trifle",Vanilla Latte Mini CakesLime & Mint Shortbread Pops,5,IN,Imdad,25,Charity worker,"Saltley, Birmingham"
4,3,Beca,Orange and Ginger Trifle,Limoncello and Blueberry BurstsMillionaire Shortbread,10,IN,Lyne,31,Military Wives' Choir Singer,"Aldershot, Hampshire"
4,3,Christine,Caribbean Pina Colada Trifle,Ninety-NinersSachertorte Parcels,4,STAR BAKER,Wallace,66,Director of an engraving company,"Didcot, Oxfordshire"
4,3,Deborah,Tropical Trifle*,Canelé Cherry and Chocolate CakesRose Cookies,9,OUT,Manger,51,Dentist,Peterborough
4,3,Frances,Apple and Blackberry Crumble Trifle,'Ballet Bites' Ginger NutcrackersSugar Plum Fairy Cakes,8,IN,Quinn,31,Children's Clothes Designer,"Market Harborough, Leicestershire"
4,3,Glenn,Raspberry and Almond Trifle,Billionaire BouchéesOrange Financiers,1,IN,Cosby,37,English Teacher,"Teignmouth, Devon"
4,3,Howard,Caramel and Apple Trifle*,Black Coffee and Cardamom CakesWhite Stilton and Pear Biscuits,7,IN,Middleton,51,Council Worker,Sheffield
4,3,Kimberley,"Peach, Almond and Ginger Trifle",Chocolate Pistachio FinanciersLemon Bergamot Biscuits,6,IN,Wilson,30,Psychologist,London
4,3,Mark,"Ginger, Mango and Passion Fruit Trifle",Rose and Pistachio MacaroonsChocolate and Raspberry Bites,11,OUT,Onley,37,Carpenter and Kitchen Fitter,Milton Keynes
4,3,Robert,Rhubarb and Orange Trifle,Almond FriandsTurǫn Macaroons,2,IN,Smart,54,Space Satellite Designer,"Melbourn, Cambridgeshire"
4,3,Ruby,Desert Island Trifle,Lemon Shortbread and White Chocolate SeashellsBlackberry and Chocolate Layer Cakes,3,IN,Tandoh,20,History of Art and Philosophy Student,"Southend, Essex"
4,4,Ali,Apple and Ginger Pie with a Pecan and Walnut Shortcrust Pastry,"Orange, Cardamom and Date M'Hanncha",8,OUT,Imdad,25,Charity worker,"Saltley, Birmingham"
4,4,Beca,Mamgu's Cherry-Apple Tart,Moroccan Vegetable Filo Feast,2,IN,Lyne,31,Military Wives' Choir Singer,"Aldershot, Hampshire"
4,4,Christine,"Granny Rogers' Apple, Plum & Cinnamon Country Pie",Roasted Vegetable Filo Pie with Feta Cheese,7,IN,Wallace,66,Director of an engraving company,"Didcot, Oxfordshire"
4,4,Frances,Peach Pie In the Sky,Cherry Tree Baklava Filo Pie,1,IN,Quinn,31,Children's Clothes Designer,"Market Harborough, Leicestershire"
4,4,Glenn,Apple & Maple Syrup Pie,Spanakopita (Walnut and Feta Cheese),9,IN,Cosby,37,English Teacher,"Teignmouth, Devon"
4,4,Howard,Apple Pie with Sage Pastry,Fresh Fig and Feta Filo Flan,5,IN,Middleton,51,Council Worker,Sheffield
4,4,Kimberley,Pecan and Rosemary Caramel Apple Pie,"Chicken, Bacon and Butternut Squash Pie",4,STAR BAKER,Wilson,30,Psychologist,London
4,4,Robert,Apple and Pear Pie with Thyme,Spanakopita with St George's Mushrooms,3,IN,Smart,54,Space Satellite Designer,"Melbourn, Cambridgeshire"
4,4,Ruby,Apple and Marzipan Pie,"Rose, Almond and Raspberry Filo Pie",6,IN,Tandoh,20,History of Art and Philosophy Student,"Southend, Essex"
4,5,Beca,"Chocolate, Cherry and Hazelnut Brownies",Tiered Macaron and Sugar Dough Biscuit Centrepiece,5,IN,Lyne,31,Military Wives' Choir Singer,"Aldershot, Hampshire"
4,5,Christine,Mixed Berry and Almond Crumble Traybake,Shortbread Bavarian Clock Tower,1,STAR BAKER,Wallace,66,Director of an engraving company,"Didcot, Oxfordshire"
4,5,Frances,Millionaire Banoffee Bonus,Biscuit Buttons and Beads,3,IN,Quinn,31,Children's Clothes Designer,"Market Harborough, Leicestershire"
4,5,Glenn,Apricot and Pistachio Tiffin,Shortbread and Macaron Helter-Skelter,2,IN,Cosby,37,English Teacher,"Teignmouth, Devon"
4,5,Howard,Breakfast Traybake,Japanese Pagoda Tea Tower,8,IN,Middleton,51,Council Worker,Sheffield
4,5,Kimberley,Cherry and Almond Bakewell Florentine Slice,Black and White Viennese Biscuit Stack,7,IN,Wilson,30,Psychologist,London
4,5,Robert,Blueberry & Orange Traybake,Dalek,4,OUT,Smart,54,Space Satellite Designer,"Melbourn, Cambridgeshire"
4,5,Ruby,Blackberry and Lemon Bakewell Slice,'Dropped Ice-Cream' Biscuit Centrepiece,6,IN,Tandoh,20,History of Art and Philosophy Student,"Southend, Essex"
4,6,Beca,Bara Brith,Chocolate and Rum-Soaked Prune BriochesCardamom Spiced Lemon Iced Buns,6,IN,Lyne,31,Military Wives' Choir Singer,"Aldershot, Hampshire"
4,6,Christine,Oxford Nutty Fruit Loaf,Schnecken BunsVanilla Custard Skolebrød,4,IN,Wallace,66,Director of an engraving company,"Didcot, Oxfordshire"
4,6,Frances,Chai Tea Loaf,Hot Cross BriochesRhubarb and Custard Kolaches,2,IN,Quinn,31,Children's Clothes Designer,"Market Harborough, Leicestershire"
4,6,Glenn,Devonshire Panettone,Almond and Apricot BriochesSticky Caramel Kanelbullen,5,IN,Cosby,37,English Teacher,"Teignmouth, Devon"
4,6,Howard,Date & Hemp Yorkshire Loaf,Peachy BunsGerman Baumschnecken,7,OUT,Middleton,51,Council Worker,Sheffield
4,6,Kimberley,Chai Spiced Ginger and Date Tea Loaf,Double Chocolate and Hazelnut BriochesDanish Kanelsnurrer,3,IN,Wilson,30,Psychologist,London
4,6,Ruby,Citrus Tea Loaf,Twisted Swedish KanelbullarSaffron St. Lucia Buns,1,STAR BAKER,Tandoh,20,History of Art and Philosophy Student,"Southend, Essex"
4,7,Beca,Spring Lamb and Vegetable Suet Puddingwith Redcurrant Gravy,Nectarine and Frangipane SquaresChocolate and Hazelnut Vol-au-ventsStrawberries and Cream Mille-feuille,1,IN,Lyne,31,Military Wives' Choir Singer,"Aldershot, Hampshire"
4,7,Christine,Spotted Dick 'With a Kick'and Vanilla Custard Ice Cream,Eccles CakesFresh Fruit BasketsLemon Cream Eton Mess Mille-feuille,6,IN,Wallace,66,Director of an engraving company,"Didcot, Oxfordshire"
4,7,Frances,Figgy Roll-y Poly Puddingwith Caramelised Walnut and Honey Ice-Cream,French Framboise Cream HornsSheet Music Mille-feuilleBass Clef Palmiers,5,STAR BAKER,Quinn,31,Children's Clothes Designer,"Market Harborough, Leicestershire"
4,7,Glenn,Prune and Armagnac Puddingwith Boozy Butterscotch Sauce,Caramelised Apple and Marzipan TartletsChocolate Elephant EarsPassion Fruit Mille-feuille,3,OUT,Cosby,37,English Teacher,"Teignmouth, Devon"
4,7,Kimberley,Barberry and Apple Spotted Dickwith Maple Syrup and White Chocolate Custard,"Pear, Malt and Butterscotch Mille-feuilleBlackberry and Lemon Verbena Crème Brûle Custard TartsFig, Orange and Thyme Galette",4,IN,Wilson,30,Psychologist,London
4,7,Ruby,Plum Jam Roly-Polywith Ginger Ice cream,Raspberry and Passion Fruit Mille-feuilleCaramelised Apple LatticePortuguese Custard Tarts,2,IN,Tandoh,20,History of Art and Philosophy Student,"Southend, Essex"
4,8,Beca,"Potato, Spelt and Rosemary Focaccia",Spiced Butternut Squash and Pecan 'Cheese' Cake,4,IN,Lyne,31,Military Wives' Choir Singer,"Aldershot, Hampshire"
4,8,Christine,"Multi-Seeded Loaf with Pumpkin, Sesame and Sunflower Seeds",Sweet Potato Guitar with Passion Fruit Icing and Marshmallow Fondant,5,OUT,Wallace,66,Director of an engraving company,"Didcot, Oxfordshire"
4,8,Frances,'Chelsea Flour Show' Bun Bouquet,"Hidden Carrot Cake (Ground Praline, Beetroot and Walnut)",3,IN,Quinn,31,Children's Clothes Designer,"Market Harborough, Leicestershire"
4,8,Kimberley,Wild Garlic Pesto and Parma Ham Spelt Loaf,Butternut Squash and Spice Cake Toadstool House,2,IN,Wilson,30,Psychologist,London
4,8,Ruby,Mango and Nigella Seed Spelt Cob,Carrot Cake and Pistachio Garden Plot,1,STAR BAKER,Tandoh,20,History of Art and Philosophy Student,"Southend, Essex"
4,9,Beca,Stilton and Walnut MacaronsBeetroot and Salmon Choux PuffsWelsh Rarebit Tartlets,Banoffee Opera Cake,3,OUT,Lyne,31,Military Wives' Choir Singer,"Aldershot, Hampshire"
4,9,Frances,"Legume Canapés:
Chantenay CarrotsChoux Pastry TomatoesCauliflower Cheese Scones",Great British Soap Opera Cake,2,IN,Quinn,31,Children's Clothes Designer,"Market Harborough, Leicestershire"
4,9,Kimberley,Pea Purée TartsCrab and Wasabi ProfiterolesSteamed Buns with Barbecue Chicken,Passion Fruit and Lime Opera Cake,1,STAR BAKER,Wilson,30,Psychologist,London
4,9,Ruby,"Beetroot Jelly on Poppy Seed BiscuitsSpinach, Parmesan and Egg TartletsChoux Buns with Goat's Cheese and Caramelised Onions","Chocolate, Almond Praline and Saffron Opera Cake",4,IN,Tandoh,20,History of Art and Philosophy Student,"Southend, Essex"
4,10,Frances,Rainbow Picnic Pie,Midsummer Night's Dream Wedding Cake,3,WINNER,Quinn,31,Children's Clothes Designer,"Market Harborough, Leicestershire"
4,10,Kimberley,Chicken and Pig Pie,Languages of Love Wedding Cake,1,Runner-up,Wilson,30,Psychologist,London
4,10,Ruby,Picnic Basket Pie,"Raspberry, Lemon and Passion Fruit Wedding Cake",2,Runner-up,Tandoh,20,History of Art and Philosophy Student,"Southend, Essex"
5,1,Chetna,"Cardamom, Pistachio and Coffee Swiss Roll",Tiered Victoria Sponges with Lemon Curd and Raspberry Cream,3,IN,Makan,35,Fashion Designer,"Broadstairs, Kent"
5,1,Claire,Chocolatey Orangey Swirly Roll,Mini Chocolate and Cherry Cakes,8,OUT,Goodwin,31,Speech Therapist,"Ashton upon Mersey, Trafford"
5,1,Diana,Mum's Sunday Tea Lemon Curd Swiss Roll,Chocolate Ganache Surprises,5,IN,Beard,69,Women's Institute (WI) Judge,"Alkington, Shropshire"
5,1,Enwezor,Raspberry and Lemon Swiss Roll,Coffee and Walnut Battenberg Squares,9,IN,Nzegwu,39,Business Consultant,"Portsmouth, Hampshire"
5,1,Iain,Apricot and Basil Swiss Roll with Mascarpone and White Chocolate Cream,"Lemon Drizzle Cakes with Mascarpone Filling, Drizzled Icing, and Candied Lemon",4,IN,Watters,31,Construction Engineer,London/Belfast
5,1,Jordan,Kawaii Frasier Swiss Roll,Lemon Drizzle Cakes with Blueberry and Lemon Curd,12,IN,Cox,32,IT Manager,"Sneinton, Nottingham"
5,1,Kate,Red Velvet and White Chocolate Swiss Roll,Mini Tiered Victoria Sponges,6,IN,Henry,41,Furniture Restorer,"Brighton, East Sussex"
5,1,Luis,Spanish Swiss Roll,Raspberry and Lemon Genoise Slices with Lemon Drizzles,7,IN,Troyano,42,Graphic Designer,"Poynton, Cheshire"
5,1,Martha,Tiramisu Swiss Roll,Mini Lemon and Thyme Drizzle Cakes,2,IN,Collison,17,Student,"Ascot, Berkshire"
5,1,Nancy,Coffee and Hazelnut Swiss Roll,Jaffa Orange Cakes,1,STAR BAKER,Birtwhistle,60,Retired Practice Manager,"Barton-upon-Humber, Lincolnshire"
5,1,Norman,Black Forest Swiss Roll,Almond and Raspberry Mini Cakes,11,IN,Calder,66,Retired Naval Officer,"Portknockie, Moray"
5,1,Richard,Pistachio and Strawberry Swiss Roll,Miniature Coffee & Walnut Cakes,10,IN,Burr,38,Builder,"Mill Hill, London"
5,2,Chetna,Fenugreek and Carom Crackers,Day On The Beach,8,IN,Makan,35,Fashion Designer,"Broadstairs, Kent"
5,2,Diana,Parmesan Triangles,"Express, First Class",7,IN,Beard,69,Women's Institute (WI) Judge,"Alkington, Shropshire"
5,2,Enwezor,Pumpkin and Sunflower Savoury Biscuits,Space Adventure Moon Scene,9,OUT,Nzegwu,39,Business Consultant,"Portsmouth, Hampshire"
5,2,Iain,Za'atar and Fig Biscuits,Wild West Scene,11,IN,Watters,31,Construction Engineer,London/Belfast
5,2,Jordan,"Sourdough, Parmesan and Chilli Biscuits",Monster Attack,6,IN,Cox,32,IT Manager,"Sneinton, Nottingham"
5,2,Kate,Parmesan and Apple Biscuits,Tea Time,4,IN,Henry,41,Furniture Restorer,"Brighton, East Sussex"
5,2,Luis,Black Olive and Rosemary Biscuits with Caramelised Onion Glaze,George Versus The Dragon,3,IN,Troyano,42,Graphic Designer,"Poynton, Cheshire"
5,2,Martha,Caramelised Onion and Goat's Cheese Sandwich Biscuits,Ski Village Scene,5,IN,Collison,17,Student,"Ascot, Berkshire"
5,2,Nancy,Fennel and Rye Thins,Hansel and Gretel Scene,2,IN,Birtwhistle,60,Retired Practice Manager,"Barton-upon-Humber, Lincolnshire"
5,2,Norman,Farthing Biscuits,Zulu Boats at Dawn,10,IN,Calder,66,Retired Naval Officer,"Portknockie, Moray"
5,2,Richard,Rosemary Seeded Crackers,Pirates!,1,STAR BAKER,Burr,38,Builder,"Mill Hill, London"
5,3,Chetna,Onion and Pine Nut Rolls,Rolled and Filled Twin Loaf,8,IN,Makan,35,Fashion Designer,"Broadstairs, Kent"
5,3,Diana,Rustic Picnic Rolls,Sharing Savoury Pinwheel,7,IN,Beard,69,Women's Institute (WI) Judge,"Alkington, Shropshire"
5,3,Iain,Cranberry and Walnut Rye Bread Rolls,Moroccan Plaited with a Bessara Dip,9,IN,Watters,31,Construction Engineer,London/Belfast
5,3,Jordan,Rye and Spelt Bread Rolls,Strawberry Raspberry Cheesecake Brioche,10,OUT,Cox,32,IT Manager,"Sneinton, Nottingham"
5,3,Kate,Orange and Cardamom Rye Bread Knots,"Prosciutto, Olive and Coriander Bread",1,IN,Henry,41,Furniture Restorer,"Brighton, East Sussex"
5,3,Luis,Opposites Attract Rolls,Roscón de Reyes,2,STAR BAKER,Troyano,42,Graphic Designer,"Poynton, Cheshire"
5,3,Martha,Date and Walnut Rye Rolls,Stuffed Sunflower Loaf,3,IN,Collison,17,Student,"Ascot, Berkshire"
5,3,Nancy,Cider and Walnut Crusty Rolls,'Full English' Stromboli,5,IN,Birtwhistle,60,Retired Practice Manager,"Barton-upon-Humber, Lincolnshire"
5,3,Norman,Rye Bread Rolls,Chicken and Roasted Vegetable Picnic Loaf,4,IN,Calder,66,Retired Naval Officer,"Portknockie, Moray"
5,3,Richard,Rye and Cranberry Rolls,Pesto Pinwheel,6,IN,Burr,38,Builder,"Mill Hill, London"
5,4,Chetna,"Rhubarb, Strawberry and Orange Puddings","Mango, Raspberry and Coconut Baked Alaska",3,IN,Makan,35,Fashion Designer,"Broadstairs, Kent"
5,4,Diana,Orange and Lemon Curd Pots,Raspberry Ripple Alaska Swan,9,IN,Beard,69,Women's Institute (WI) Judge,"Alkington, Shropshire"
5,4,Iain,"Chocolate, Lime and Raspberry Fondants","Chocolate, Black Sesame Seed and Coffee Caramel Baked Alaska (not presented)",6,OUT,Watters,31,Construction Engineer,London/Belfast
5,4,Kate,Chocolate and Salted Caramel Molten Puddings,"Pistachio, Raspberry and Chocolate Baked Alaska",7,IN,Henry,41,Furniture Restorer,"Brighton, East Sussex"
5,4,Luis,Pears in Puddings,Bakewell Alaska,2,IN,Troyano,42,Graphic Designer,"Poynton, Cheshire"
5,4,Martha,Peanut Butter Chocolate Fondants,Key Lime Baked Alaska,1,IN,Collison,17,Student,"Ascot, Berkshire"
5,4,Nancy,Pistachio Puddings with Chocolate Sauce,Summer Pudding Alaska,4,IN,Birtwhistle,60,Retired Practice Manager,"Barton-upon-Humber, Lincolnshire"
5,4,Norman,Mini Sticky Toffee Puddings,Baked Alaska with Strawberry Surprise,8,IN,Calder,66,Retired Naval Officer,"Portknockie, Moray"
5,4,Richard,Black Forest Chocolate Fondants,Tiramisu Baked Alaska,5,STAR BAKER,Burr,38,Builder,"Mill Hill, London"
5,5,Chetna,Rice Custard Tart with Mangoes and Raspberries,Fusion Tiered Pies,2,IN,Makan,35,Fashion Designer,"Broadstairs, Kent"
5,5,Kate,Rhubarb and Custard Tart,"Rhubarb, Prune and Apple Pies",3,STAR BAKER,Henry,41,Furniture Restorer,"Brighton, East Sussex"
5,5,Luis,Tropical Manchester Tart,Four Fruity Seasons Tower,6,IN,Troyano,42,Graphic Designer,"Poynton, Cheshire"
5,5,Martha,"Pistachio, Apricot and Honey Custard Tart",Three Little Pigs Pie,1,IN,Collison,17,Student,"Ascot, Berkshire"
5,5,Nancy,Chocolate Crusted Passion Fruit Tart,Trio of Apple Pies,4,IN,Birtwhistle,60,Retired Practice Manager,"Barton-upon-Humber, Lincolnshire"
5,5,Norman,Tarte au Citron,Pieful Tower,5,OUT,Calder,66,Retired Naval Officer,"Portknockie, Moray"
5,5,Richard,Fig and Orange Tart,Three Course Autumn Pie Feast,7,IN,Burr,38,Builder,"Mill Hill, London"
5,6,Chetna,Orange Savarin with Cinnamon Cream,Almond Liqueur Dobos Torte with Chocolate Caramel Buttercream,2,STAR BAKER,Makan,35,Fashion Designer,"Broadstairs, Kent"
5,6,Kate,"Pecan, Chocolate and Sour Cherry Yeast Cake",Trio of Dobos Tortes,6,IN,Henry,41,Furniture Restorer,"Brighton, East Sussex"
5,6,Luis,Apple and Cinnamon Kugelhopf with Honeyed Apples,The Cage on the Rocky Hill,3,IN,Troyano,42,Graphic Designer,"Poynton, Cheshire"
5,6,Martha,Dark Chocolate and Almond Liqueur Savarin,Chess-Themed Chocolate and Salted Caramel Dobos Torte,4,IN,Collison,17,Student,"Ascot, Berkshire"
5,6,Nancy,Rum Punch Savarin with Coconut Cream and Tropical Fruits,Chocolate and Caramel Dobos Torte,1,IN,Birtwhistle,60,Retired Practice Manager,"Barton-upon-Humber, Lincolnshire"
5,6,Richard,Fruity Guglhupf with an Orange Glaze,Sugar Forest Dobos Torte,5,IN,Burr,38,Builder,"Mill Hill, London"
5,7,Chetna,Crispy Lentil Kachori,Chocolate and Mango & Lemon Meringue Éclairs,6,IN,Makan,35,Fashion Designer,"Broadstairs, Kent"
5,7,Kate,Spinach and Paneer Spicy Samosa,Neapolitan & Lemon Meringue Éclairs,4,OUT,Henry,41,Furniture Restorer,"Brighton, East Sussex"
5,7,Luis,Childhood Empanadas,"Stars and Stripes Éclairs
(Blueberry Cheesecake & Peanut Butter and Jelly Éclairs)",5,IN,Troyano,42,Graphic Designer,"Poynton, Cheshire"
5,7,Martha,Mini Beef Wellingtons,Rhubarb and Custard & Maple Syrup and Bacon Éclairs,3,IN,Collison,17,Student,"Ascot, Berkshire"
5,7,Nancy,Spicy Duck Pasties,Smoked Salmon and Horseradish & Raspberry Ripple Éclairs,2,IN,Birtwhistle,60,Retired Practice Manager,"Barton-upon-Humber, Lincolnshire"
5,7,Richard,Minted Lamb Pasties,"Stair of Éclairs
(Lavender and Blueberry & Rose and Raspberry Éclairs)",1,STAR BAKER,Burr,38,Builder,"Mill Hill, London"
5,8,Chetna,Date and Walnut Swirl Bread,Chocolate Mousse Filled DoughnutsBraided Doughnuts,1,IN,Makan,35,Fashion Designer,"Broadstairs, Kent"
5,8,Luis,Black Forest Cherry Tree,"Cocktail Doughnuts
(Mudslide & Raspberry Mojito)",2,IN,Troyano,42,Graphic Designer,"Poynton, Cheshire"
5,8,Martha,Spiced Plum Iced Bread Swirl,Glazed Lemon & Poppy Seed DoughnutsChocolate & Passion Fruit Doughnuts,5,OUT,Collison,17,Student,"Ascot, Berkshire"
5,8,Nancy,Lincolnshire Plum Braid,"Doughnut Family Tree
(Limoncello and Almond & Milk Chocolate and Orange)",3,IN,Birtwhistle,60,Retired Practice Manager,"Barton-upon-Humber, Lincolnshire"
5,8,Richard,Fruit Swedish Tea Ring,Rhubarb and Custard and Toffee Apple Doughnuts,4,STAR BAKER,Burr,38,Builder,"Mill Hill, London"
5,9,Chetna,Chocolate Orange Baklava Masala Chai Baklava,"Chocolate, Orange & Nut EntremetsCappuccino Entremets",4,OUT,Makan,35,Fashion Designer,"Broadstairs, Kent"
5,9,Luis,Indian Rose BaklavaHalwa Baklava Rolls,"Chocolate Mousse & Cherry EntremetsPomegranate, Fig & Pistachio Sponges",1,IN,Troyano,42,Graphic Designer,"Poynton, Cheshire"
5,9,Nancy,Coffee and Chocolate BaklavaBreakfast Baklava,Raspberry NonnettesLime and Passion Fruit Entremets,3,IN,Birtwhistle,60,Retired Practice Manager,"Barton-upon-Humber, Lincolnshire"
5,9,Richard,Rose and Pistachio BaklavaWalnut and Almond Baklava,Hazelnut Mocha EntremetsPink Grapefruit Entremets,2,STAR BAKER,Burr,38,Builder,"Mill Hill, London"
5,10,Luis,"Apple, Walnut, Raisin and Cheshire Cheese ChaussonsPain au Chocolat Blanc with Raspberries and Cream Cheese",Village in Chocolate,2,Runner-up,Troyano,42,Graphic Designer,"Poynton, Cheshire"
5,10,Nancy,Apple and Lemon KitesRaspberry and Almond Croissants,Red Windmill,1,WINNER,Birtwhistle,60,Retired Practice Manager,"Barton-upon-Humber, Lincolnshire"
5,10,Richard,Pear Pain au ChocolatPain Au Lait,Mill on the Hill,3,Runner-up,Burr,38,Builder,"Mill Hill, London"
6,1,Alvin,Orange Vanilla and Fig Madeira Cake,Black Forest Gâteau,2,IN,Magallanes,37,Nurse,"Bracknell, Berkshire"
6,1,Dorret,Madeira Cake with Candied Lemons,Enchanted Forest Gâteau,5,IN,Conway,53,Accountant,"Penwortham, Lancashire"
6,1,Flora,Blood Orange Madeira Cake,Black Forest Gâteau,6,IN,Shedden,19,Art gallery assistant,"Dunkeld, Perth and Kinross"
6,1,Ian,Somewhere West of Madeira Cake,Black Forest Cherry Tree,8,IN,Cumming,41,Travel photographer,"Great Wilbraham, Cambridgeshire"
6,1,Marie,Zingy Citrus Madeira Cake,A Walk in the Black Forest,3,STAR BAKER,Campbell,66,Retired,"Auchterarder, Perthshire"
6,1,Mat,Gin and Tonic Madeira Cake,Black Forest Gateau,7,IN,Riley,37,Fire fighter,London
6,1,Nadiya,Orange and Green Cardamom Madeira Cake,Quadruple Chocolate Black Forest Gâteau,12,IN,Hussain,30,Full-time mother,Leeds / Luton
6,1,Paul,"Lemon, Ginger and Caraway Seed Madeira Cake",Black Forest Chocolate Creation,10,IN,Jagger,49,Prison governor,"Swansea, Wales"
6,1,Sandy,Madeira Cake with Almond Liqueur and Chopped Apricots,Black Forest Gâteau,9,IN,Docherty,49,Child welfare officer,"Yeadon, West Yorkshire"
6,1,Stu,Marley Madeira Cake,Purple Forest Gâteau,11,OUT,Henshall,35,Professional musician,"Guildford, Surrey"
6,1,Tamal,Pistachio and Rose Madeira Cake,Black Forest Gâteau in a Chocolate Shell,4,IN,Ray,29,Trainee anaesthetist,Manchester
6,1,Ugnė,Lemon and Thyme Madeira Cake,Falling Cup Gâteau,1,IN,NA,NA,NA,NA
6,2,Alvin,"Jackfruit, Pistachio and Macadamia Biscotti",Gingerbread Box filled with Brandy Snaps,6,IN,Magallanes,37,Nurse,"Bracknell, Berkshire"
6,2,Dorret,Almond and Apricot Biscotti with Amber Sugar Crystals,Box of Frogs,1,IN,Conway,53,Accountant,"Penwortham, Lancashire"
6,2,Flora,Wedding Biscotti,Honey and Earl Grey Tea Box,2,IN,Shedden,19,Art gallery assistant,"Dunkeld, Perth and Kinross"
6,2,Ian,"Orange, Rosemary and Almond Biscotti",Sandwich de la Confiture,3,STAR BAKER,Cumming,41,Travel photographer,"Great Wilbraham, Cambridgeshire"
6,2,Marie,Biscotti Italiano,Russian Box,11,OUT,Campbell,66,Retired,"Auchterarder, Perthshire"
6,2,Mat,"Pistachio, Cranberry and White Chocolate Biscotti",Gingerbread Fire Engine,5,IN,Riley,37,Fire fighter,London
6,2,Nadiya,"Coconut, Fennel and Pistachio Biscotti",Box of Fortunes,9,IN,Hussain,30,Full-time mother,Leeds / Luton
6,2,Paul,"Chocolate, Hazelnut and Fig Biscotti",Memory Box,10,IN,Jagger,49,Prison governor,"Swansea, Wales"
6,2,Sandy,Chocolate Chunk and Hazelnut Biscotti,Sundried Tomato Cheese Biscuit Box,4,IN,Docherty,49,Child welfare officer,"Yeadon, West Yorkshire"
6,2,Tamal,"Cinnamon, Maple and Cranberry Biscotti",Chessboard Box,8,IN,Ray,29,Trainee anaesthetist,Manchester
6,2,Ugnė,White Wine Biscotti,Baby Climbing into the Cookie Box,7,IN,NA,NA,NA,NA
6,3,Alvin,"Prosciutto, Manchego and Balsamic Onion Soda Breads",Cornucopia,4,IN,Magallanes,37,Nurse,"Bracknell, Berkshire"
6,3,Dorret,Walnut and Stilton Soda Breads,Unmade Bread,6,OUT,Conway,53,Accountant,"Penwortham, Lancashire"
6,3,Flora,Fig and Hazelnut Rye Breads,Herb Couture,2,IN,Shedden,19,Art gallery assistant,"Dunkeld, Perth and Kinross"
6,3,Ian,Wild Garlic Pesto Soda Breads,Flour Power,1,STAR BAKER,Cumming,41,Travel photographer,"Great Wilbraham, Cambridgeshire"
6,3,Mat,"Jalapeño, Mexican Cheddar and Smoked Salt Soda Breads",Curry Inspired Brighton Pavilion,8,IN,Riley,37,Fire fighter,London
6,3,Nadiya,Mexican Bread with Warm Tomato Salsa,Snake Charmer's Basket,9,IN,Hussain,30,Full-time mother,Leeds / Luton
6,3,Paul,Cranberry and Orange Sweet Soda Breads,King of the Jungle,10,IN,Jagger,49,Prison governor,"Swansea, Wales"
6,3,Sandy,Soda Breads with Smoked Bacon and Onion,Basket of Bread Flowers with a Walnut and Blue Cheese Centre,7,IN,Docherty,49,Child welfare officer,"Yeadon, West Yorkshire"
6,3,Tamal,"Fig, Cheese and Walnut Breads",Breadcycle,3,IN,Ray,29,Trainee anaesthetist,Manchester
6,3,Ugnė,Chocolate Quick Breads with Salted Caramel Sauce,Easter Basket,5,IN,NA,NA,NA,NA
6,4,Alvin,Blackberry Crème Brûlées,Tower of Fruits Cheesecakes,9,IN,Magallanes,37,Nurse,"Bracknell, Berkshire"
6,4,Flora,Rhubarb and Ginger Crème Brûlées,Elderflower and Granola Cheesecakes,3,IN,Shedden,19,Art gallery assistant,"Dunkeld, Perth and Kinross"
6,4,Ian,Pomegranate Two Ways Crème Brûlées,Trio of Spicy and Herby Baked Cheesecakes,4,STAR BAKER,Cumming,41,Travel photographer,"Great Wilbraham, Cambridgeshire"
6,4,Mat,Coconut Crème Brûlées,Chocolate Bar Cheesecakes,7,IN,Riley,37,Fire fighter,London
6,4,Nadiya,Cinnamon Tea Crème Brûlées,Fizzy Pop Cheesecakes,8,IN,Hussain,30,Full-time mother,Leeds / Luton
6,4,Paul,Almond Crème Brûlées,Berry Cheesecake Tower,1,IN,Jagger,49,Prison governor,"Swansea, Wales"
6,4,Sandy,Pontefract Crème Brûlées,"Cassata, Whisky and Orange & Apple Pie Cheesecakes",6,OUT,Docherty,49,Child welfare officer,"Yeadon, West Yorkshire"
6,4,Tamal,Rhubarb and Ginger Crème Brûlées,"Mango, Hazelnut and Rosemary Cheesecake Trio",5,IN,Ray,29,Trainee anaesthetist,Manchester
6,4,Ugnė,Marula Fruit and Coffee Liqueur Crème Brûlées,"Lime, Coconut and Hazelnut Cheesecakes",2,IN,NA,NA,NA,NA
6,5,Alvin,Pineapple Upside Down Cake,"Buko Pandan, Mango and Passion Fruit Ice Cream Roll",8,IN,Magallanes,37,Nurse,"Bracknell, Berkshire"
6,5,Flora,"Pistachio, Apple and Cardamom Madeleine Cake",Chocolate and Pear Bûche,3,IN,Shedden,19,Art gallery assistant,"Dunkeld, Perth and Kinross"
6,5,Ian,Honey and Flowers Cake,Dessert Island,5,IN,Cumming,41,Travel photographer,"Great Wilbraham, Cambridgeshire"
6,5,Mat,Sugar Free Carrot Cake,Raspberry and Coconut Ice Cream Roll,4,IN,Riley,37,Fire fighter,London
6,5,Nadiya,Naked Blueberry and Caraway Crunch Cake,Chocolate and Strawberry Lime Ice Cream Roll,1,STAR BAKER,Hussain,30,Full-time mother,Leeds / Luton
6,5,Paul,Carrot & Pecan Cake,Dessert Island Getaway,2,IN,Jagger,49,Prison governor,"Swansea, Wales"
6,5,Tamal,Honey and Grapefruit Polenta Cake,Passion Fruit and Pineapple Ice Cream Roll,7,IN,Ray,29,Trainee anaesthetist,Manchester
6,5,Ugnė,Chocolate and Hazelnut Sugar-Free Cake,"Chocolate, Peanut Butter and Grape Jam Roll",6,OUT,NA,NA,NA,NA
6,6,Alvin,Plum Frangipane Tart,Smoked Salmon En Croûte and Vermouth Chicken à la King Vol-au-vents,6,OUT,Magallanes,37,Nurse,"Bracknell, Berkshire"
6,6,Flora,Apricot and Rosemary Frangipane Tart,Asparagus and Parma Ham and Praline and Chocolate Vol-au-vents,2,IN,Shedden,19,Art gallery assistant,"Dunkeld, Perth and Kinross"
6,6,Ian,Pear and Raspberry Frangipane Tart,vol-au-vents Terre et Mer,3,IN,Cumming,41,Travel photographer,"Great Wilbraham, Cambridgeshire"
6,6,Mat,Piña Colada Frangipane Tart,His 'n' Hers Vol-au-vents,1,STAR BAKER,Riley,37,Fire fighter,London
6,6,Nadiya,"Bay Leaf, Rong Tea and Pear Tart",Bengali Korma and Clementine with Cod Vol-au-vents,4,IN,Hussain,30,Full-time mother,Leeds / Luton
6,6,Paul,Christmas Frangipane Tart,Savoury and Sweet Bouchées,5,IN,Jagger,49,Prison governor,"Swansea, Wales"
6,6,Tamal,Spiced Pear Frangipane Tart,Fennel and Rosemary Pulled Pork and Chicken and Coriander vol-au-vents,7,IN,Ray,29,Trainee anaesthetist,Manchester
6,7,Flora,Game Pie with Shallot and Apple Chutney,"Raspberry, Pomegranate and Champagne Charlotte Russe",4,IN,Shedden,19,Art gallery assistant,"Dunkeld, Perth and Kinross"
6,7,Ian,Roadkill Pie,Victoria's Crown Charlotte Russe,5,IN,Cumming,41,Travel photographer,"Great Wilbraham, Cambridgeshire"
6,7,Mat,Raised Venison and Pigeon Pie,Strawberry Charlotte Russe,6,OUT,Riley,37,Fire fighter,London
6,7,Nadiya,Aromatic Raised Game Pie,Mango and Raspberry Charlotte Russe,1,IN,Hussain,30,Full-time mother,Leeds / Luton
6,7,Paul,Not a Boaring Pie,Charlotte Rose,2,IN,Jagger,49,Prison governor,"Swansea, Wales"
6,7,Tamal,Middle Eastern Game Pie,"Spiced Blackberry, Raspberry and Cardamom Charlotte Russe",3,STAR BAKER,Ray,29,Trainee anaesthetist,Manchester
6,8,Flora,Peach & Lemon Thyme and Smoked Almond & Butterscotch Cream Horns,Lime & Basil and Coconut & White Chocolate Religieuse à l'ancienne,3,IN,Shedden,19,Art gallery assistant,"Dunkeld, Perth and Kinross"
6,8,Ian,Mont Blanc & Black Forest Gâteau Horns,Nun with Hidden Passions,2,IN,Cumming,41,Travel photographer,"Great Wilbraham, Cambridgeshire"
6,8,Nadiya,Rose Pistachio and Mocha Hazelnut Horns,Bubble Gum and Peppermint Cream Religieuse à l'ancienne,1,STAR BAKER,Hussain,30,Full-time mother,Leeds / Luton
6,8,Paul,Café Tipple & Banana Crunch-away Horns,Religieuse à l'ancienne,5,OUT,Jagger,49,Prison governor,"Swansea, Wales"
6,8,Tamal,Lime & Mascarpone and Malt Cream Horns,Passionfruit & Mango and Pistachio & Raspberry Religieuse à l'ancienne,4,IN,Ray,29,Trainee anaesthetist,Manchester
6,9,Flora,Passion Fruit and Chocolate Tart,Cocoa Carousel,1,OUT,Shedden,19,Art gallery assistant,"Dunkeld, Perth and Kinross"
6,9,Ian,Chocolate and Bay Tart,Chocolate Well,3,IN,Cumming,41,Travel photographer,"Great Wilbraham, Cambridgeshire"
6,9,Nadiya,Peanut Salted Caramel and Chocolate Tart,Peacock in Nan's Door,4,STAR BAKER,Hussain,30,Full-time mother,Leeds / Luton
6,9,Tamal,Chocolate New York Pie,Chocolate Bell Tower,2,IN,Ray,29,Trainee anaesthetist,Manchester
6,10,Ian,Elderflower and Lemon & Spiced Buns,Colossal Curvy Carrot Cake,2,Runner-up,Cumming,41,Travel photographer,"Great Wilbraham, Cambridgeshire"
6,10,Nadiya,Cardamom and Almond Buns & Nutmeg and Sour Cherry Fingers,My Big Fat British Wedding Cake,1,WINNER,Hussain,30,Full-time mother,Leeds / Luton
6,10,Tamal,Cinnamon and Apple & Toffee and Marmalade Iced Buns,Sticky Toffee Pudding Cake,3,Runner-up,Ray,29,Trainee anaesthetist,Manchester
7,1,Andrew,Lemon and Rosemary Drizzle Cake,'Ultimate Indulgence' Mirror Glaze Cake,12,IN,Smyth,25,Aerospace engineer,"Derby / Holywood, County Down"
7,1,Benjamina,"Pistachio, Cardamom and Lemon Drizzle Cake",White Chocolate Mirror Glaze with Salted Praline Buttercream,6,IN,Ebuehi,23,Teaching assistant,South London
7,1,Candice,Raspberry and Rhubarb Drizzle Custard Bundt Cake,"Mirror Mirror On The Wall, Who Is The Shiniest Cake Of Them All?",5,IN,Brown,31,PE teacher,"Barton-Le-Clay, Bedfordshire"
7,1,Jane,Lemon and Poppy Seed Drizzle Cake,Chocolate Orange Mirror Cake,7,STAR BAKER,Beedle,61,Garden designer,Beckenham
7,1,Kate,Berry Best Apple and Bramble Drizzle Cake,One Swallow Does Not Make A Summer Cake,4,IN,Barmby,37,Nurse,"Brooke, Norfolk"
7,1,Lee,St. Clements Orange and Lemon Drizzle Cake,Strawberry Surprise Mirror Cake,11,OUT,Banfield,67,Pastor,Bolton
7,1,Louise,Orange Liqueur and Lemonade Drizzle Cake,White Chocolate Trifle Mirror Glaze Cake,9,IN,Williams,46,Hairdresser,Cardiff
7,1,Michael,"Lime, Ginger and Honey Drizzle Cake",Matcha Tea Chocolate Mirror Glaze,3,IN,Georgiou,20,Student,Durham
7,1,Rav,Ginger Spice Yuzu Drizzle Cake,Colombian Mocha Mirror Glaze Cake,8,IN,Bansal,28,Student support,Erith
7,1,Selasi,Citrus and Spice Drizzle Cake,"Raspberry, Sloe and White Chocolate Mirror Glaze Cake",1,IN,Gbormittah,30,Client service associate,London
7,1,Tom,G&T Drizzle Cake,Black Forest Broken Mirror,2,IN,Gilliford,26,Project engagement manager,Rochdale
7,1,Val,Mum's Orange and Lemon Drizzle,Chocolate Sponge with Four Fruit Frosting,10,IN,Stones,66,"Semi-retired, Substitute teacher",Yeovil
7,2,Andrew,Beehive Biscuits,Punting in Cambridge,4,IN,Smyth,25,Aerospace engineer,"Derby / Holywood, County Down"
7,2,Benjamina,Bouquet Biscuits,"New York, New York",3,IN,Ebuehi,23,Teaching assistant,South London
7,2,Candice,"Salted Caramel, Chocolate Iced Shiny Hearts",Gingerbread Pub with Sticky Ginger Carpet,8,STAR BAKER,Brown,31,PE teacher,"Barton-Le-Clay, Bedfordshire"
7,2,Jane,Flower Pot Iced Biscuits,Hastings Old Town Fishing Net Shops and Boat,2,IN,Beedle,61,Garden designer,Beckenham
7,2,Kate,"""A Biscuit for the Broads""","""I Promise I will do my best""",1,IN,Barmby,37,Nurse,"Brooke, Norfolk"
7,2,Louise,Baa Bara Brith Biscuits,Gingerbread Wedding,10,OUT,Williams,46,Hairdresser,Cardiff
7,2,Michael,"Malt, Chocolate and Orange Iced ""Beer"" Biscuits",Trip to See Santa in Lapland,9,IN,Georgiou,20,Student,Durham
7,2,Rav,Union Jack Bunting Biscuits,Gingerbread Christmas Fairground,6,IN,Bansal,28,Student support,Erith
7,2,Selasi,"""Wheelie Hot Iced Biscuits""",Stained Glass Window Gingerbread Church,11,IN,Gbormittah,30,Client service associate,London
7,2,Tom,Chai Frappelatteccino Biscuits,Tom and Pod's Near Death Experience,7,IN,Gilliford,26,Project engagement manager,Rochdale
7,2,Val,Sunday Treat Iced Ice Cream Cone Biscuits,From Holland to New York via Yorkshire,5,IN,Stones,66,"Semi-retired, Substitute teacher",Yeovil
7,3,Andrew,Chocolate Barmbrack Bread,Braided Harvest Bread Basket,2,IN,Smyth,25,Aerospace engineer,"Derby / Holywood, County Down"
7,3,Benjamina,"Chocolate, Tahini and Almond Babka",Braided Bread Heart,6,IN,Ebuehi,23,Teaching assistant,South London
7,3,Candice,"Chocolate, Salted Caramel & Pecan Brittle Brioche Loaf",Italian Light and Dark Rye Twist,3,IN,Brown,31,PE teacher,"Barton-Le-Clay, Bedfordshire"
7,3,Jane,Chocolate and Cranberry Couronne,Chorizo and Chilli Flower with Parmesan and Pesto Centre,9,IN,Beedle,61,Garden designer,Beckenham
7,3,Kate,Cobbled Loaf,The Corn Maiden,8,IN,Barmby,37,Nurse,"Brooke, Norfolk"
7,3,Michael,Chocolate and Chilli Swirl Plait,Cypriot Dove and Olive Branch Plaited Loaf with Houmous,7,OUT,Georgiou,20,Student,Durham
7,3,Rav,"Chocolate, Cardamom and Hazelnut Loaf",Three Tier Diwali Bread Centrepiece,10,IN,Bansal,28,Student support,Erith
7,3,Selasi,"Chocolate, Orange and Cinnamon Bread",Bedouin Escape Tear and Share Bread,5,IN,Gbormittah,30,Client service associate,London
7,3,Tom,Chocolate Orange and Chilli Swirl Bread,Jörmungandr and Mjölnir,4,STAR BAKER,Gilliford,26,Project engagement manager,Rochdale
7,3,Val,Double Chocolate Cinnamon Twist Loaf,"""And They All Went Into The Ark To Get Out Of The Rain""",1,IN,Stones,66,"Semi-retired, Substitute teacher",Yeovil
7,4,Andrew,Yorkshire 'Tapas' Puddings,Churros Window Box,4,IN,Smyth,25,Aerospace engineer,"Derby / Holywood, County Down"
7,4,Benjamina,"Red Onion Chutney, Brie and Bacon Yorkshire Puddings",Tropical Churros,1,STAR BAKER,Ebuehi,23,Teaching assistant,South London
7,4,Candice,Yorkshire Wellingtons,Two-Way Peanut Butter Churros,2,IN,Brown,31,PE teacher,"Barton-Le-Clay, Bedfordshire"
7,4,Jane,Meat and Two Veg Yorkshires,Pistachio and White Chocolate Churros,3,IN,Beedle,61,Garden designer,Beckenham
7,4,Kate,Christmas Dinner Compromise,Hot Cross Bunny Churros,7,OUT,Barmby,37,Nurse,"Brooke, Norfolk"
7,4,Rav,Thai Tofu Panang Yorkshires,Three Dip Matcha Pistachio Churros,9,IN,Bansal,28,Student support,Erith
7,4,Selasi,Perfect Sunday Roast Accompaniment,Lemon and Anise Churros,8,IN,Gbormittah,30,Client service associate,London
7,4,Tom,West Yorkshire Fusion Puddings,Fennel Churros Snake In The Grass,5,IN,Gilliford,26,Project engagement manager,Rochdale
7,4,Val,Mum's Chilli Yorkshire Puddings,Orange Chocolate Churros,6,IN,Stones,66,"Semi-retired, Substitute teacher",Yeovil
7,5,Andrew,Mum and Dad's Breakfast Pastries,Spicy Chorizo Squash Parcels and Baklava Bites,6,IN,Smyth,25,Aerospace engineer,"Derby / Holywood, County Down"
7,5,Benjamina,'Good Morning America' Swirls and Peanut Butter and Banana Pinwheels,Plantain and Spinach Samosas and Chai Pear Cups,5,IN,Ebuehi,23,Teaching assistant,South London
7,5,Candice,"Danish Pastry Croque Monsieur Kites and Cinnamon Apple, Vanilla Crème Rose Danish","Sausage, Black Pudding and Apple Rounds and Banoffee Whiskey Cups",2,STAR BAKER,Brown,31,PE teacher,"Barton-Le-Clay, Bedfordshire"
7,5,Jane,"Orange Pain au Raisins, Raspberry, Chocolate and Almond Danish","Roquefort, Fig and Walnut Parcels and Cherry and Chocolate Cones",1,IN,Beedle,61,Garden designer,Beckenham
7,5,Rav,"Cinnamon Swirls and Pecan, Walnut and Maple Plaits",Chinese Style Prawn Filo Tartlets and Spiced White Chocolate and Hazelnut Samosas,8,IN,Bansal,28,Student support,Erith
7,5,Selasi,"Rhubarb, Mango and Ginger Plait, and Pineapple and Coconut Pinwheels","Parma Ham, Asparagus and Cheese Filo Cigars and Coffee Cream Filo Cups",3,IN,Gbormittah,30,Client service associate,London
7,5,Tom,Mega Breakfast Bonanzas; Granola Spirals and Wheat Foldovers,Yin and Yang Amuse-bouche,4,IN,Gilliford,26,Project engagement manager,Rochdale
7,5,Val,"Pecan and Maple Syrup Pinwheels and Apple, Sultana and Cinnamon Swirls","Caramelised Red Onion, Goats Cheese Tartlets and Mincemeat and Apple Spiced Parcels",7,OUT,Stones,66,"Semi-retired, Substitute teacher",Yeovil
7,6,Andrew,Tangy Lime and Ginger Meringue Pie,Spring Elderflower Trio,6,IN,Smyth,25,Aerospace engineer,"Derby / Holywood, County Down"
7,6,Benjamina,Grapefruit and Ginger Meringue Pie,Floral Tea Cake,2,IN,Ebuehi,23,Teaching assistant,South London
7,6,Candice,"Lime, Coconut and Lemongrass Sugar Meringue Pie",Four Seasons Cake,5,IN,Brown,31,PE teacher,"Barton-Le-Clay, Bedfordshire"
7,6,Jane,Lime and Coconut Meringue Pie,Three Tier Orange Cake with a Floral Chocolate Collar,4,IN,Beedle,61,Garden designer,Beckenham
7,6,Rav,Mandarin Margarita Meringue Pie,Blossom Cake,3,OUT,Bansal,28,Student support,Erith
7,6,Selasi,"Grapefruit, Orange and Mint Meringue Pie",Three Tiered Ombré Floral Cake,7,IN,Gbormittah,30,Client service associate,London
7,6,Tom,Blood Orange Halloween Pumpkin Pie,Floral Tea Cake,1,STAR BAKER,Gilliford,26,Project engagement manager,Rochdale
7,7,Andrew,Tropical Holiday Roulade,Childhood Ice Cream Mousse Cakes,1,STAR BAKER,Smyth,25,Aerospace engineer,"Derby / Holywood, County Down"
7,7,Benjamina,Piña Colada Roulade,Apple Crumble Mousse Cake and Chocolate Coffee Mousse Cake,3,IN,Ebuehi,23,Teaching assistant,South London
7,7,Candice,Crowd Pleaser Roulade,Blackberry and Raspberry Bubbles and After Dinner Mousse,2,IN,Brown,31,PE teacher,"Barton-Le-Clay, Bedfordshire"
7,7,Jane,Chocolate and Hazelnut Roulade,"Chocolate, Coffee, and Vanilla Joconde Cakes and Blackcurrant and Vanilla Ombre Mousses",4,IN,Beedle,61,Garden designer,Beckenham
7,7,Selasi,Summer Picnic Roulade,"Lemon, Strawberry and Passionfruit and Chocolate and Mint Mini Mousse Cakes",6,IN,Gbormittah,30,Client service associate,London
7,7,Tom,Millionaire's Roulade,Hipster Picnic,5,OUT,Gilliford,26,Project engagement manager,Rochdale
7,8,Andrew,Da Vinci Inspired Geared Pies,Jousting Knights Marchpane,2,IN,Smyth,25,Aerospace engineer,"Derby / Holywood, County Down"
7,8,Benjamina,Mexican Adventure,Tudor Garden,4,OUT,Ebuehi,23,Teaching assistant,South London
7,8,Candice,Cheesy Cheeky Fish Pies,Peacock,1,STAR BAKER,Brown,31,PE teacher,"Barton-Le-Clay, Bedfordshire"
7,8,Jane,Tudor Rose Pies,Swans,5,IN,Beedle,61,Garden designer,Beckenham
7,8,Selasi,Bouquet of Flowers,Fruity Tudor Marchpane,3,IN,Gbormittah,30,Client service associate,London
7,9,Andrew,Cheesy Elephant Ears and Herby Treble Clefs,Philharmonic Fondants,2,STAR BAKER,Smyth,25,Aerospace engineer,"Derby / Holywood, County Down"
7,9,Candice,"Red Onion, Cambozola and Walnut Palmiers and Mushroom, Streaky Bacon, and Parmesan Palmiers",Chocolate Praline Fondant Fancies and Cherry Bakewell Fondant Fancies,3,IN,Brown,31,PE teacher,"Barton-Le-Clay, Bedfordshire"
7,9,Jane,"Pesto and Sundried Tomato Palmiers and Goats Cheese, Olive and Parma Ham Palmiers",Pistachio and Raspberry Fondant Fancies and Lemon Curd Surprise Fondant Fancies,1,IN,Beedle,61,Garden designer,Beckenham
7,9,Selasi,"Sundried Tomato, Onion, Peppers and Parmesan Palmiers and Salmon, Spinach and Mushroom Palmiers",Lime and Ginger Fondant Fancies and Pink Velvet and Raspberry Prosecco Fondant Fancies,4,OUT,Gbormittah,30,Client service associate,London
7,10,Andrew,Crunchy Caramel Cassis Crown,Family and Friends' Favourites Picnic,1,Runner-up,Smyth,25,Aerospace engineer,"Derby / Holywood, County Down"
7,10,Candice,Queen Victoria's Mango and Strawberry Crown,Picnic for Pearly Kings and Queens,2,WINNER,Brown,31,PE teacher,"Barton-Le-Clay, Bedfordshire"
7,10,Jane,"Red, White and Blue Meringue Crown",Family Favourites Feast,3,Runner-up,Beedle,61,Garden designer,Beckenham
8,1,Chris,Tropical Fresh Fruit Cake,'Raised Pork Pie and Egg Surprise' Cake,12,IN,Geiger,50,Software developer,Bristol
8,1,Flo,Citrus Layer Cake,'One in a Melon' Cake,9,IN,Atkins,71,Retired,Merseyside
8,1,James,"Orange, Rhubarb & Ginger Crumble Cake",'Mock-accino and Croissant' Cake,2,IN,Hillery,46,Banker,"Brentwood, Essex"
8,1,Julia,Courgette and Lemon Cake,'Russian Doll' Cake,3,IN,Chernogorova,21,Aviation Broker,"Crawley, West Sussex"
8,1,Kate,Moroccan Strawberry and Rose Cake,'Chocolate Terrarium' Cake,1,IN,Lyon,29,Health and safety inspector,Merseyside
8,1,Liam,Apple and Almond Crumble Maple Loaf,'Stackin' Sunday' Cake,8,IN,Charles,19,Student,North London
8,1,Peter,Coconut Cake,'Bread on a Breadboard' Cake,10,OUT,Abatan,52,IT programme manager,"Southend, Essex"
8,1,Sophie,Pineapple and Coconut Sandwich Cake,'Champagne Bottle and Bucket' Cake,5,IN,Faldo,33,Former army officer and trainee stuntwoman,"West Molesey, Surrey"
8,1,Stacey,Granny Smith Apple and Walnut Cake,'Black Evening Clutch Bag' Cake,11,IN,Hart,42,Former school teacher,"Radlett, Hertfordshire"
8,1,Steven,Bonfire Night Cake,'A Baker's Lunch' Cake,6,STAR BAKER,Carter,34,Marketer,"Watford, Hertfordshire"
8,1,Tom,Gilded Pear and Cardamom Cake,'Stack of Books' Cake,7,IN,Hetherington,29,Architect,Edinburgh
8,1,Yan,Windfall Apple Crumble Cake,'Banana-ramen' Cake,4,IN,Tsou,46,Laboratory research scientist,North London
8,2,Chris,Chocolate Chia Seed Biscuits with Whisky Caramel Filling,'The Great British Sail Off' Game,11,OUT,Geiger,50,Software developer,Bristol
8,2,Flo,Gin Jam Butties,'Pick My Bones' Game,10,IN,Atkins,71,Retired,Merseyside
8,2,James,Rhubarb and Custard Whirls,'Coppit' Game,3,IN,Hillery,46,Banker,"Brentwood, Essex"
8,2,Julia,Middle Eastern Delight Sandwich Biscuits,'A British Baking' Game,4,IN,Chernogorova,21,Aviation Broker,"Crawley, West Sussex"
8,2,Kate,Coconut Seashells for a Titanic Afternoon Tea,'Jungle' Game,8,IN,Lyon,29,Health and safety inspector,Merseyside
8,2,Liam,Coffee Malted Pecan Shorties,'Classroom Classics' Game,7,IN,Charles,19,Student,North London
8,2,Sophie,Lemon Limoncino Sandwich Biscuits,'Snakes and Ladders' Game,2,IN,Faldo,33,Former army officer and trainee stuntwoman,"West Molesey, Surrey"
8,2,Stacey,Sparkly Chocolate and Marshmallow Fluff Cookies,'Get to School' Game,9,IN,Hart,42,Former school teacher,"Radlett, Hertfordshire"
8,2,Steven,Amarpressi Biscuits,'Check Bake' Game,6,STAR BAKER,Carter,34,Marketer,"Watford, Hertfordshire"
8,2,Tom,Coffee and Amaretto Kisses,'Drain Pipes and Ladders' Game,5,IN,Hetherington,29,Architect,Edinburgh
8,2,Yan,'Mrs. Marian's PB 'n' B' Biscuits,'Adventures in Bakeland' Game,1,IN,Tsou,46,Laboratory research scientist,North London
8,3,Flo,Cinnamon and Orange Teacakes,'Davy Jones' Locker' Bread Sculpture,7,OUT,Atkins,71,Retired,Merseyside
8,3,James,Nordic Teacakes,'Owl in the Woods' Bread Sculpture,9,IN,Hillery,46,Banker,"Brentwood, Essex"
8,3,Julia,Earl Grey Dried Fruit Teacakes,'The Snail Under a Mushroom' Bread Sculpture,2,STAR BAKER,Chernogorova,21,Aviation Broker,"Crawley, West Sussex"
8,3,Kate,Blueberry Buns,'Kraken' Bread Sculpture,10,IN,Lyon,29,Health and safety inspector,Merseyside
8,3,Liam,Jamaican Spiced Teacakes,'Kneadapolitan' Bread Sculpture,5,IN,Charles,19,Student,North London
8,3,Sophie,Tagine Teacakes,'Picnic Basket' Bread Sculpture,6,IN,Faldo,33,Former army officer and trainee stuntwoman,"West Molesey, Surrey"
8,3,Stacey,Cranberry and Cinnamon Teacakes,'Ascot Hat' Bread Sculpture,1,IN,Hart,42,Former school teacher,"Radlett, Hertfordshire"
8,3,Steven,Madras Cocktail Teacakes,'The Bag I Knead' Bread Sculpture,3,IN,Carter,34,Marketer,"Watford, Hertfordshire"
8,3,Tom,Orange and Cranberry Teacakes,'Pink & Yellow Rose Centrepiece' Bread Sculpture,4,IN,Hetherington,29,Architect,Edinburgh
8,3,Yan,'Mrs P's' Masala Chai Spiced Teacakes,'Basil the Vegetarian Dragon with his Pumpkin Hoard' Bread Sculpture,8,IN,Tsou,46,Laboratory research scientist,North London
8,4,James,'Windy City' Millionaire Shortbreads,Nutty Caramel Cake,2,IN,Hillery,46,Banker,"Brentwood, Essex"
8,4,Julia,Pecan Salted Caramel Millionaire Shortbreads,Poppy Seed Caramel Cake,9,IN,Chernogorova,21,Aviation Broker,"Crawley, West Sussex"
8,4,Kate,Salted Bay Caramel Millionaire Shortbreads,Sticky Toffee Apple Caramel Cake,6,STAR BAKER,Lyon,29,Health and safety inspector,Merseyside
8,4,Liam,Salted Peanut Butter Millionaire Shortbreads,White Layered Ginger Caramel Cake,3,IN,Charles,19,Student,North London
8,4,Sophie,Jaffa Millionaire Shortbreads,Bird's Nest Caramel Cake,4,IN,Faldo,33,Former army officer and trainee stuntwoman,"West Molesey, Surrey"
8,4,Stacey,Rum Salted Caramel Millionaire Shortbreads,Chocolate and Coffee Caramel Cake,1,IN,Hart,42,Former school teacher,"Radlett, Hertfordshire"
8,4,Steven,Orange Macadamia Nut Millionaire Shortbreads,Caramel Crown Cake,7,IN,Carter,34,Marketer,"Watford, Hertfordshire"
8,4,Tom,Stem Ginger Caramel Shortbreads,Hummingbird Cake,5,OUT,Hetherington,29,Architect,Edinburgh
8,4,Yan,'Lil' Red's Ginger and Nuts' Millionaire Shortbreads,Animals of the Rainforest Caramel Cake,8,IN,Tsou,46,Laboratory research scientist,North London
8,5,James,Orange and Ginger Steamed School Pudding,'The Missed Silver Jubilee' Trifle Terrine,7,OUT,Hillery,46,Banker,"Brentwood, Essex"
8,5,Julia,Orange & Treacle Steamed School Pudding,'Opulent Ornament' Trifle Terrine,3,IN,Chernogorova,21,Aviation Broker,"Crawley, West Sussex"
8,5,Kate,'Mr Darcy's Steamy Lake Scene' Steamed School Pudding,'My Great Great Nan's' Raspberry Trifle Terrine,8,IN,Lyon,29,Health and safety inspector,Merseyside
8,5,Liam,Cherries & Lemons that are 'Baked Well','Cheers Lads' Trifle Terrine,2,IN,Charles,19,Student,North London
8,5,Sophie,"Ginger, Fig and Honey Steamed School Pudding","Raspberry, Yuzu & White Chocolate Bûche Trifle Terrine",1,STAR BAKER,Faldo,33,Former army officer and trainee stuntwoman,"West Molesey, Surrey"
8,5,Stacey,Bakewell Tart Steamed School Pudding,Tropical Trifle Terrine,4,IN,Hart,42,Former school teacher,"Radlett, Hertfordshire"
8,5,Steven,Lemon & Blackcurrant Drizzle Steamed School Pudding,'From Across the Jelly Pond' Trifle Terrine,5,IN,Carter,34,Marketer,"Watford, Hertfordshire"
8,5,Yan,Mango Fruit Hat Steamed School Pudding,'Heart of a Hero' Trifle Terrine,6,IN,Tsou,46,Laboratory research scientist,North London
8,6,Julia,'Pies from the Tree' Decorative Pies,'Special Occasion' Pie,7,OUT,Chernogorova,21,Aviation Broker,"Crawley, West Sussex"
8,6,Kate,'Vegetarian Pie Faces' Decorative Pies,Potato Curry Pie with Mango & Chilli Glaze,5,IN,Lyon,29,Health and safety inspector,Merseyside
8,6,Liam,'Standard FC' Decorative Pies,'Nan's Sunday Dinner' Pie,4,STAR BAKER,Charles,19,Student,North London
8,6,Sophie,'The Four Seasons' Decorative Pies,Game Pie with Glazed Forest Fruits,2,IN,Faldo,33,Former army officer and trainee stuntwoman,"West Molesey, Surrey"
8,6,Stacey,'Love Theme' Decorative Pies,Indian Hand Raised Pie with Mango,6,IN,Hart,42,Former school teacher,"Radlett, Hertfordshire"
8,6,Steven,'Fleetwood Mac' Decorative Pies,Christmas Pie,3,IN,Carter,34,Marketer,"Watford, Hertfordshire"
8,6,Yan,'πr2' Decorative Pies,Chequerboard Pie,1,IN,Tsou,46,Laboratory research scientist,North London
8,7,Kate,'Happy Hour' Cocktail Cannoli,'Flavour Fusion' Sfogliatelle,6,IN,Lyon,29,Health and safety inspector,Merseyside
8,7,Liam,'Just Doing Me' Cannoli,'Morning Delivery' Sfogliatelle,2,IN,Charles,19,Student,North London
8,7,Sophie,'Classics with a Twist' Cannoli,'Classics' Sfogliatelle,3,IN,Faldo,33,Former army officer and trainee stuntwoman,"West Molesey, Surrey"
8,7,Stacey,My All Time Favourite Desserts,Pastry Surprise,4,IN,Hart,42,Former school teacher,"Radlett, Hertfordshire"
8,7,Steven,Italian Style Cannoli,'Sicilian-style' Sfogliatelle,1,STAR BAKER,Carter,34,Marketer,"Watford, Hertfordshire"
8,7,Yan,Cannoli Cocktails,Canadian-Style Sfogliatelle,5,OUT,Tsou,46,Laboratory research scientist,North London
8,8,Kate,Burrito Bedfordshire Clangers,'Liver Building Turret' Savoy Cake,2,IN,Lyon,29,Health and safety inspector,Merseyside
8,8,Liam,'Take Out' Bedfordshire Clangers,'Fort Wizardore' Savoy Cake,5,OUT,Charles,19,Student,North London
8,8,Sophie,Char Siu & Banana Praline Bedfordshire Clangers,Citrus with Green Apple Croquembouche Savoy Cake,4,IN,Faldo,33,Former army officer and trainee stuntwoman,"West Molesey, Surrey"
8,8,Stacey,Camembert & Onion and Apple & Blueberry Bedfordshire Clangers,'Bright' Lemon & Orange Savoy Cake,3,STAR BAKER,Hart,42,Former school teacher,"Radlett, Hertfordshire"
8,8,Steven,'Mediterranean Medley' Bedfordshire Clangers,Chestnut Rum Savoy Cake,1,IN,Carter,34,Marketer,"Watford, Hertfordshire"
8,9,Kate,Bellini and Valencian Orange Choux Buns,'Rainbow' Meringue Centrepiece,4,IN,Lyon,29,Health and safety inspector,Merseyside
8,9,Sophie,Strawberry & Rhubarb and Chestnut & Vanilla Choux Buns,'Tutu with Opera Filling' Meringue Centrepiece,1,STAR BAKER,Faldo,33,Former army officer and trainee stuntwoman,"West Molesey, Surrey"
8,9,Stacey,'Choux-nicorn and Choux-moji' Choux Buns,'Flamingos in Love' Meringue Centrepiece,2,OUT,Hart,42,Former school teacher,"Radlett, Hertfordshire"
8,9,Steven,Key Lime Cheesecake and Bakewell Tart Choux Buns,'Some Air Over the Rainbow' Meringue Centrepiece,3,IN,Carter,34,Marketer,"Watford, Hertfordshire"
8,10,Kate,"Roman Spelt, Coconut Kala Chana and Flower Breads","White Chocolate, Yuzu and Lychee Entremet",3,Runner-up,Lyon,29,Health and safety inspector,Merseyside
8,10,Sophie,"Spelt Boules, Mushroom Ciabatta and Orange Plaited Brioche",'Ode to the Honey Bee' Entremet,2,WINNER,Faldo,33,Former army officer and trainee stuntwoman,"West Molesey, Surrey"
8,10,Steven,"Spelt & Rye, Toasted Garlic & Fontina and Sweet Chocolate Breads",'Yin Yang' Entremet,1,Runner-up,Carter,34,Marketer,"Watford, Hertfordshire"
